"time","price"
"2019-07-12T07:10:01.421Z",8050.46
"2019-07-12T08:36:16.564Z",8198.43
"2019-07-12T10:47:09.198Z",8265.58
"2019-07-12T11:20:10.948Z",8175.76
"2019-07-12T13:49:44.191Z",8092.60
"2019-07-12T15:29:52.584Z",7992.35
"2019-07-12T20:03:21.599Z",8035.46
"2019-07-12T20:05:12.510Z",8055.04
"2019-07-12T20:07:48.267Z",8071.56
"2019-07-12T20:12:49.624Z",8115.47
"2019-07-13T00:48:21.869Z",8104.92
"2019-07-13T00:54:11.008Z",8093.78
"2019-07-13T02:57:08.852Z",8086.09
"2019-07-13T03:30:09.504Z",8062.77
"2019-07-13T04:48:47.443Z",8040.29
"2019-07-13T06:20:26.618Z",8013.13
"2019-07-13T07:00:36.808Z",7958.43
"2019-07-13T08:30:10.991Z",7967.19
"2019-07-13T10:08:21.472Z",7931.84
"2019-07-13T10:11:44.968Z",7859.09
"2019-07-13T11:48:15.815Z",7743.27
"2019-07-13T12:17:37.572Z",7753.25
"2019-07-13T12:23:32.637Z",7763.74
"2019-07-13T13:13:05.285Z",7783.13
"2019-07-13T13:14:46.089Z",7840.99
"2019-07-13T14:05:46.992Z",7938.23
"2019-07-13T17:06:18.675Z",7991.16
"2019-07-13T18:19:09.990Z",7979.88
"2019-07-13T18:22:51.653Z",7961.76
"2019-07-13T18:32:13.184Z",7923.31
"2019-07-13T19:14:11.073Z",7811.90
"2019-07-13T21:02:13.860Z",7711.36
"2019-07-13T21:12:37.531Z",7727.80
"2019-07-13T22:09:11.530Z",7750.19
"2019-07-13T22:25:28.512Z",7793.68
"2019-07-14T01:38:47.880Z",7807.71
"2019-07-14T04:42:42.701Z",7798.96
"2019-07-14T04:45:11.572Z",7782.10
"2019-07-14T04:56:23.077Z",7761.17
"2019-07-14T08:59:58.729Z",7757.08
"2019-07-14T09:38:21.911Z",7744.74
"2019-07-14T09:42:30.194Z",7708.95
"2019-07-14T09:53:31.264Z",7612.69
"2019-07-14T10:34:21.711Z",7439.25
"2019-07-14T11:13:54.979Z",7448.56
"2019-07-14T13:44:18.514Z",7353.26
"2019-07-14T15:37:24.938Z",7254.07
"2019-07-14T22:16:51.553Z",7177.63
"2019-07-14T22:34:58.133Z",7162.37
"2019-07-14T22:46:38.475Z",7123.11
"2019-07-14T23:56:41.192Z",7132.70
"2019-07-15T13:56:48.655Z",6743.87
"2019-07-15T14:04:40.474Z",6772.03
"2019-07-15T14:09:13.160Z",6914.69
"2019-07-15T14:14:47.272Z",6937.46
"2019-07-15T14:17:18.959Z",7002.43
"2019-07-15T14:19:50.044Z",7064.75
"2019-07-15T14:24:26.145Z",7103.61
"2019-07-15T14:26:28.454Z",7141.60
"2019-07-15T14:28:11.699Z",7245.34
"2019-07-15T14:34:51.056Z",7211.18
"2019-07-15T14:53:41.973Z",7173.16
"2019-07-15T15:20:16.316Z",7145.00
"2019-07-15T15:46:07.606Z",7172.49
"2019-07-15T15:47:02.247Z",7228.54
"2019-07-15T15:52:31.918Z",7278.59
"2019-07-15T16:04:11.147Z",7248.61
"2019-07-16T07:25:50.212Z",7040.37
"2019-07-16T16:12:58.759Z",6720.59
"2019-07-17T10:15:30.660Z",6513.43
"2019-07-17T14:49:55.133Z",6762.78
"2019-07-17T18:36:31.532Z",7054.78
"2019-07-17T22:51:58.090Z",6795.06
"2019-07-18T12:42:30.550Z",6582.87
"2019-07-18T14:36:07.845Z",6870.74
"2019-07-18T16:10:20.262Z",7126.33
"2019-07-19T08:55:53.277Z",6897.00
"2019-07-20T03:09:17.272Z",7079.47
"2019-07-20T09:49:13.446Z",6864.56
"2019-07-20T09:51:38.748Z",7093.64
"2019-07-20T12:36:11.453Z",7325.93
"2019-07-20T16:11:46.109Z",7628.40
"2019-07-20T23:45:44.928Z",7367.37
"2019-07-21T09:23:35.649Z",7597.09
"2019-07-21T10:49:50.117Z",7400.97
"2019-07-21T14:10:08.103Z",7258.00
"2019-07-22T14:42:37.598Z",7128.60
"2019-07-22T19:44:48.825Z",6925.49
"2019-07-22T22:12:45.248Z",7125.83
"2019-07-23T07:40:25.521Z",6981.25
"2019-07-23T14:15:48.248Z",6801.48
"2019-07-23T19:22:38.899Z",7026.31
"2019-07-24T00:01:01.531Z",6891.02
"2019-07-24T02:01:11.577Z",6669.18
"2019-07-24T14:30:47.939Z",6848.36
"2019-07-25T00:37:53.833Z",7017.25
"2019-07-25T19:54:42.624Z",6862.64
"2019-07-26T07:22:13.220Z",6988.80
"2019-07-26T07:36:45.527Z",7252.40
"2019-07-27T10:25:17.498Z",7135.15
"2019-07-27T18:41:36.979Z",6955.58
"2019-07-28T04:33:34.534Z",7056.18
"2019-07-28T22:12:07.520Z",6932.05
"2019-07-28T23:34:04.777Z",7076.22
"2019-07-30T11:08:47.742Z",7152.60
"2019-07-30T17:00:05.681Z",7359.90
"2019-07-31T00:58:18.363Z",7522.50
"2019-07-31T16:52:09.711Z",7391.60
"2019-07-31T23:28:35.212Z",7508.70
"2019-08-02T07:04:40.163Z",7574.10
"2019-08-02T16:20:11.548Z",7490.80
"2019-08-02T23:27:20.943Z",7528.40
"2019-08-03T02:13:15.259Z",7695.70
"2019-08-04T03:43:56.090Z",7724.80
"2019-08-04T04:44:18.900Z",7682.00
"2019-08-04T10:01:17.459Z",7798.80
"2019-08-04T18:24:44.166Z",7736.90
"2019-08-04T20:44:14.201Z",7841.30
"2019-08-04T21:11:21.666Z",7818.50
"2019-08-05T02:00:03.623Z",7902.30
"2019-08-05T10:19:32.785Z",8153.80
"2019-08-05T14:00:23.900Z",8098.80
"2019-08-05T16:11:03.057Z",8044.20
"2019-08-05T23:09:21.184Z",8021.00
"2019-08-06T01:31:44.683Z",7909.70
"2019-08-06T06:49:15.890Z",8077.50
"2019-08-06T10:47:03.191Z",7969.40
"2019-08-06T12:21:13.686Z",7844.90
"2019-08-06T21:25:20.857Z",7696.00
"2019-08-07T10:10:15.177Z",7801.50
"2019-08-07T13:17:12.900Z",7940.20
"2019-08-07T15:42:19.966Z",7797.30
"2019-08-07T22:12:44.274Z",7932.80
"2019-08-08T06:11:04.647Z",7737.80
"2019-08-08T13:58:35.151Z",7645.60
"2019-08-08T22:54:20.576Z",7708.20
"2019-08-09T07:17:03.147Z",7650.90
"2019-08-09T07:31:07.982Z",7533.30
"2019-08-09T08:15:21.892Z",7582.20
"2019-08-09T09:43:45.209Z",7475.30
"2019-08-09T10:39:39.180Z",7311.00
"2019-08-09T15:45:19.614Z",7249.10
"2019-08-10T00:16:17.402Z",7315.70
"2019-08-10T00:25:37.720Z",7455.00
"2019-08-10T11:25:55.464Z",7408.20
"2019-08-10T11:27:40.206Z",7282.60
"2019-08-10T15:42:12.831Z",7248.80
"2019-08-10T17:26:34.169Z",7293.20
"2019-08-10T18:30:15.803Z",7349.20
"2019-08-10T20:23:52.768Z",7404.80
"2019-08-10T22:27:47.781Z",7356.20
"2019-08-10T22:59:10.613Z",7402.00
"2019-08-11T00:26:55.547Z",7448.60
"2019-08-11T09:15:48.151Z",7396.00
"2019-08-11T09:53:31.591Z",7448.30
"2019-08-11T16:16:06.968Z",7482.60
"2019-08-11T16:21:13.779Z",7565.00
"2019-08-11T17:42:04.496Z",7759.10
"2019-08-11T21:02:08.719Z",7837.70
"2019-08-12T08:49:47.237Z",7756.80
"2019-08-12T09:18:09.587Z",7616.60
"2019-08-12T13:00:27.676Z",7704.10
"2019-08-13T00:24:44.462Z",7678.00
"2019-08-13T03:09:59.184Z",7659.60
"2019-08-13T08:11:27.128Z",7643.80
"2019-08-13T08:45:41.193Z",7615.30
"2019-08-13T09:52:13.159Z",7641.80
"2019-08-13T09:59:16.282Z",7688.20
"2019-08-13T10:47:42.086Z",7764.10
"2019-08-13T14:08:44.414Z",7718.50
"2019-08-13T14:46:51.376Z",7791.80
"2019-08-13T16:04:42.657Z",7869.60
"2019-08-13T17:17:47.781Z",7968.90
"2019-08-13T17:36:29.729Z",7886.00
"2019-08-13T22:49:55.079Z",7981.60
"2019-08-14T01:16:32.347Z",8058.60
"2019-08-14T06:54:16.012Z",7987.80
"2019-08-14T08:08:35.379Z",8026.40
"2019-08-14T09:01:29.993Z",7984.50
"2019-08-14T10:12:24.353Z",7944.80
"2019-08-14T11:00:44.478Z",7855.00
"2019-08-14T16:23:16.829Z",7826.60
"2019-08-14T16:25:11.501Z",7587.40
"2019-08-14T17:02:33.716Z",7430.70
"2019-08-14T21:15:39.249Z",7316.20
"2019-08-14T23:32:49.093Z",7275.10
"2019-08-15T03:59:07.489Z",7198.90
"2019-08-15T04:24:23.158Z",7051.20
"2019-08-15T08:12:05.438Z",6972.10
"2019-08-15T08:50:29.773Z",7074.60
"2019-08-15T15:51:38.534Z",7198.00
"2019-08-15T16:07:07.731Z",7471.70
"2019-08-16T05:14:01.856Z",7192.30
"2019-08-16T08:46:28.138Z",7255.60
"2019-08-16T11:18:37.704Z",7186.70
"2019-08-16T11:50:54.717Z",7256.40
"2019-08-17T17:17:56.071Z",7175.20
"2019-08-17T20:46:33.586Z",7127.90
"2019-08-18T10:07:58.971Z",7178.80
"2019-08-18T10:13:38.153Z",7291.50
"2019-08-18T11:57:08.607Z",7417.20
"2019-08-18T16:50:13.380Z",7489.10
"2019-08-19T00:16:31.909Z",7421.30
"2019-08-19T06:00:41.886Z",7367.60
"2019-08-19T07:03:19.672Z",7425.20
"2019-08-19T07:52:12.628Z",7508.60
"2019-08-19T11:45:47.457Z",7565.20
"2019-08-19T16:24:16.973Z",7494.00
"2019-08-19T23:49:52.414Z",7560.90
"2019-08-20T01:40:19.656Z",7505.10
"2019-08-20T08:47:54.805Z",7467.20
"2019-08-20T14:01:04.645Z",7440.70
"2019-08-20T14:43:27.189Z",7396.80
"2019-08-20T18:18:39.149Z",7360.80
"2019-08-21T02:39:47.833Z",7333.60
"2019-08-21T02:39:47.857Z",7331.30
"2019-08-21T03:34:09.214Z",7285.40
"2019-08-21T04:43:06.609Z",7189.80
"2019-08-21T07:53:50.033Z",7100.10
"2019-08-21T09:26:00.155Z",6978.00
"2019-08-21T12:29:07.077Z",6936.70
"2019-08-21T17:02:02.674Z",6991.00
"2019-08-21T21:17:08.142Z",7029.70
"2019-08-21T23:59:40.508Z",7057.90
"2019-08-22T01:21:38.303Z",7023.70
"2019-08-22T01:40:37.138Z",6965.60
"2019-08-22T04:30:45.002Z",7002.00
"2019-08-22T07:33:49.915Z",6955.40
"2019-08-22T09:11:42.871Z",6927.60
"2019-08-22T10:07:12.517Z",6955.70
"2019-08-22T10:55:36.406Z",6989.10
"2019-08-22T12:11:36.164Z",7031.90
"2019-08-22T12:39:29.693Z",7113.60
"2019-08-22T16:14:03.983Z",7137.60
"2019-08-22T16:51:57.962Z",7179.40
"2019-08-22T17:26:37.575Z",7274.20
"2019-08-23T00:30:20.297Z",7229.60
"2019-08-23T04:35:54.923Z",7273.00
"2019-08-23T06:53:47.098Z",7310.50
"2019-08-23T06:53:47.352Z",7396.40
"2019-08-23T08:31:38.876Z",7332.70
"2019-08-23T09:25:38.451Z",7282.20
"2019-08-23T11:16:43.600Z",7243.50
"2019-08-23T12:44:09.902Z",7277.90
"2019-08-23T13:40:36.354Z",7319.70
"2019-08-23T15:41:09.544Z",7282.70
"2019-08-23T17:28:19.913Z",7257.60
"2019-08-23T22:44:38.491Z",7295.20
"2019-08-23T22:49:14.832Z",7372.90
"2019-08-24T00:41:46.922Z",7337.20
"2019-08-24T07:09:17.443Z",7297.50
"2019-08-24T08:22:13.811Z",7247.60
"2019-08-24T09:19:01.122Z",7169.60
"2019-08-24T10:59:12.008Z",7098.50
"2019-08-24T18:51:24.308Z",7162.90
"2019-08-25T01:51:38.499Z",7133.20
"2019-08-25T07:36:45.435Z",7181.60
"2019-08-25T09:30:13.928Z",7208.40
"2019-08-25T12:51:43.137Z",7233.20
"2019-08-25T14:27:02.564Z",7203.20
"2019-08-25T16:32:26.111Z",7179.00
"2019-08-25T19:19:09.071Z",7155.50
"2019-08-25T21:00:53.676Z",7121.30
"2019-08-26T00:15:15.695Z",7154.40
"2019-08-26T00:19:32.766Z",7248.90
"2019-08-26T13:14:48.481Z",7217.10
"2019-08-27T01:50:09.984Z",7201.50
"2019-08-27T02:48:05.287Z",7155.60
"2019-08-27T12:01:12.754Z",7139.00
"2019-08-27T13:07:26.176Z",7162.90
"2019-08-27T14:03:09.443Z",7187.80
"2019-08-27T15:54:48.272Z",7190.30
"2019-08-27T15:57:14.244Z",7244.30
"2019-08-27T19:32:19.036Z",7252.10
"2019-08-27T20:15:20.520Z",7244.20
"2019-08-27T20:50:56.473Z",7232.60
"2019-08-27T20:55:56.824Z",7216.40
"2019-08-27T22:51:48.709Z",7205.00
"2019-08-28T03:32:30.651Z",7203.10
"2019-08-28T05:00:28.612Z",7200.20
"2019-08-28T06:37:31.072Z",7196.00
"2019-08-28T06:40:20.985Z",7181.60
"2019-08-28T07:37:43.852Z",7189.40
"2019-08-28T08:30:03.786Z",7167.80
"2019-08-28T12:58:42.336Z",7203.10
"2019-08-28T17:55:27.850Z",7193.40
"2019-08-28T19:54:56.390Z",6841.40
"2019-08-28T20:37:43.611Z",6873.70
"2019-08-28T21:04:00.922Z",6839.60
"2019-08-29T01:46:18.465Z",6807.40
"2019-08-29T03:10:33.159Z",6750.30
"2019-09-02T09:23:34.515Z",6770.10
"2019-09-02T11:30:10.520Z",6771.60
"2019-09-02T12:39:39.662Z",6807.90
"2019-09-02T17:54:33.586Z",6828.60
"2019-09-02T18:15:35.287Z",6882.50
"2019-09-02T20:30:15.902Z",6925.80
"2019-09-03T01:03:47.213Z",6956.40
"2019-09-03T01:55:18.475Z",7005.10
"2019-09-03T05:18:34.129Z",7025.80
"2019-09-03T07:58:42.240Z",7001.00
"2019-09-03T09:00:52.834Z",7023.80
"2019-09-03T10:00:05.985Z",7000.60
"2019-09-03T10:02:01.348Z",6939.40
"2019-09-03T11:25:55.339Z",6978.10
"2019-09-03T12:57:19.367Z",7006.20
"2019-09-03T13:21:01.798Z",7052.20
"2019-09-03T14:40:05.307Z",7154.60
"2019-09-03T14:53:50.551Z",7128.30
"2019-09-03T21:20:18.791Z",7108.40
"2019-09-03T22:05:26.344Z",7096.80
"2019-09-04T01:09:24.127Z",7062.80
"2019-09-04T03:01:45.394Z",7027.70
"2019-09-04T04:53:11.567Z",6984.60
"2019-09-04T06:55:16.166Z",7017.30
"2019-09-04T08:38:36.334Z",6994.20
"2019-09-04T10:01:01.040Z",6967.30
"2019-09-04T12:55:50.981Z",6950.00
"2019-09-04T13:01:06.874Z",6891.60
"2019-09-04T17:13:56.552Z",6913.10
"2019-09-04T19:41:11.512Z",6935.70
"2019-09-04T22:52:21.805Z",6916.40
"2019-09-05T00:24:13.651Z",6894.20
"2019-09-05T10:05:17.519Z",6880.90
"2019-09-05T11:27:19.390Z",6852.80
"2019-09-05T13:16:55.819Z",6817.90
"2019-09-05T16:01:02.553Z",6786.70
"2019-09-05T17:34:42.839Z",6756.50
"2019-09-05T19:51:42.159Z",6779.50
"2019-09-05T19:53:30.116Z",6752.30
"2019-09-05T23:01:03.258Z",6782.80
"2019-09-05T23:04:30.542Z",6803.70
"2019-09-05T23:12:47.430Z",6821.40
"2019-09-06T02:42:10.619Z",6829.60
"2019-09-06T02:50:29.090Z",6837.00
"2019-09-06T02:55:30.072Z",6852.40
"2019-09-06T10:19:32.536Z",6899.30
"2019-09-06T11:11:09.711Z",7003.70
"2019-09-06T13:46:16.922Z",6969.30
"2019-09-06T15:38:25.354Z",7003.10
"2019-09-06T17:40:48.867Z",6960.00
"2019-09-07T16:07:56.378Z",6938.40
"2019-09-07T16:33:21.929Z",6965.80
"2019-09-07T17:15:11.416Z",7048.10
"2019-09-07T22:18:18.513Z",7085.70
"2019-09-07T23:16:46.186Z",7053.90
"2019-09-08T03:27:33.671Z",7095.90
"2019-09-08T05:35:23.470Z",7132.20
"2019-09-08T11:05:39.656Z",7094.00
"2019-09-08T11:08:30.083Z",6981.30
"2019-09-08T14:17:10.476Z",7026.60
"2019-09-08T14:33:42.591Z",7106.20
"2019-09-08T23:15:25.797Z",7130.20
"2019-09-09T02:47:54.876Z",7111.00
"2019-09-09T04:24:15.489Z",7067.40
"2019-09-09T06:59:26.769Z",7030.50
"2019-09-09T09:25:00.140Z",7064.40
"2019-09-09T10:29:34.354Z",7110.10
"2019-09-09T10:57:39.579Z",7220.00
"2019-09-09T15:11:06.323Z",7176.80
"2019-09-09T15:41:04.342Z",7071.70
"2019-09-09T17:03:37.737Z",7117.90
"2019-09-10T00:48:32.599Z",7158.70
"2019-09-10T14:20:29.068Z",7128.50
"2019-09-10T19:36:34.187Z",7107.00
"2019-09-11T00:14:29.514Z",7134.10
"2019-09-11T06:46:05.900Z",7105.70
"2019-09-11T06:52:06.691Z",7025.40
"2019-09-11T10:35:43.068Z",7068.00
"2019-09-11T14:30:16.175Z",7036.70
"2019-09-12T13:16:13.969Z",7067.80
"2019-09-13T05:21:50.581Z",7033.70
"2019-09-13T07:12:25.529Z",6997.10
"2019-09-13T17:10:35.834Z",6976.50
"2019-09-14T10:04:44.589Z",7012.30
"2019-09-14T13:28:50.615Z",7017.90
"2019-09-14T13:30:53.801Z",7069.80
"2019-09-14T16:16:26.175Z",7101.20
"2019-09-15T04:11:44.789Z",7169.70
"2019-09-15T11:02:09.816Z",7170.00
"2019-09-15T11:03:49.258Z",7179.30
"2019-09-15T12:15:25.123Z",7171.70
"2019-09-15T14:43:08.097Z",7171.00
"2019-09-15T14:47:16.403Z",7168.30
"2019-09-15T14:50:31.053Z",7151.10
"2019-09-16T00:56:52.451Z",7158.50
"2019-09-16T01:00:07.069Z",7160.10
"2019-09-16T01:02:30.946Z",7167.20
"2019-09-16T01:09:08.651Z",7174.60
"2019-09-16T02:32:14.189Z",7192.60
"2019-09-16T12:01:50.483Z",7169.80
"2019-09-16T16:10:25.570Z",7150.50
"2019-09-16T20:54:06.063Z",7168.50
"2019-09-16T21:00:26.719Z",7192.30
"2019-09-17T00:33:57.821Z",7258.70
"2019-09-17T07:41:12.828Z",7268.00
"2019-09-17T12:39:39.047Z",7284.00
"2019-09-17T16:54:46.576Z",7623.60
"2019-09-17T18:37:53.763Z",7569.40
"2019-09-17T23:55:36.011Z",7507.90
"2019-09-18T04:35:17.425Z",7589.20
"2019-09-18T10:28:35.603Z",7644.50
"2019-09-18T14:41:47.372Z",7793.90
"2019-09-18T15:42:02.861Z",7724.30
"2019-09-18T16:05:09.444Z",7554.30
"2019-09-19T03:02:42.210Z",7481.00
"2019-09-19T06:41:54.117Z",7374.50
"2019-09-19T16:31:03.224Z",7467.00
"2019-09-19T21:36:54.054Z",7541.50
"2019-09-20T16:54:47.985Z",7496.90
"2019-09-20T21:24:43.458Z",7394.30
"2019-09-20T23:24:57.829Z",7449.00
"2019-09-21T09:40:17.028Z",7405.50
"2019-09-22T01:06:05.909Z",7362.90
"2019-09-22T06:34:35.011Z",7256.80
"2019-09-22T16:38:54.866Z",7235.80
"2019-09-22T18:20:26.310Z",7216.20
"2019-09-22T21:43:12.109Z",7226.00
"2019-09-22T22:00:26.711Z",7251.00
"2019-09-23T01:35:07.066Z",7232.80
"2019-09-23T06:05:28.658Z",7221.40
"2019-09-23T06:30:19.655Z",7209.60
"2019-09-23T09:05:13.748Z",7242.80
"2019-09-23T09:09:20.452Z",7256.00
"2019-09-23T14:24:10.842Z",7231.50
"2019-09-23T18:01:14.028Z",7224.30
"2019-09-23T18:06:27.576Z",7199.40
"2019-09-23T21:01:49.530Z",7164.80
"2019-09-24T07:19:59.536Z",6924.80
"2019-09-24T12:15:18.580Z",6885.20
"2019-09-24T16:34:47.953Z",6687.00
"2019-09-24T20:48:43.576Z",5330.50
"2019-09-25T01:36:17.914Z",5449.20
"2019-09-25T07:08:59.663Z",5358.30
"2019-09-25T11:30:41.990Z",5280.10
"2019-09-25T16:06:36.820Z",5211.90
"2019-09-25T16:29:32.929Z",5275.80
"2019-09-25T19:57:32.932Z",5341.10
"2019-09-25T23:45:16.003Z",5389.50
"2019-09-26T13:23:48.568Z",5345.10
"2019-09-26T17:54:18.086Z",4986.30
"2019-09-26T18:44:51.769Z",5061.20
"2019-09-27T07:11:36.698Z",5121.50
"2019-09-27T15:24:14.227Z",5071.10
"2019-09-27T16:40:50.440Z",5139.80
"2019-09-27T21:22:59.738Z",5198.50
"2019-09-27T22:29:09.079Z",5253.90
"2019-09-28T16:25:05.130Z",5296.60
"2019-09-28T17:14:35.424Z",5338.40
"2019-09-28T17:58:52.204Z",5391.30
"2019-09-29T03:46:43.663Z",5338.10
"2019-09-29T04:52:19.535Z",5288.10
"2019-09-29T12:18:55.997Z",5247.60
"2019-09-29T13:04:55.625Z",5103.70
"2019-09-29T16:12:20.191Z",5146.70
"2019-09-29T16:21:35.878Z",5190.00
"2019-09-29T18:37:09.991Z",5172.80
"2019-09-29T19:29:51.995Z",5140.50
"2019-09-29T21:22:39.762Z",5153.50
"2019-09-29T21:47:11.799Z",5169.80
"2019-09-29T22:24:59.244Z",5188.30
"2019-09-29T22:30:22.606Z",5222.70
"2019-09-30T00:23:09.587Z",5208.10
"2019-09-30T03:23:12.000Z",5188.50
"2019-09-30T05:32:02.222Z",5142.30
"2019-09-30T06:56:04.235Z",5128.80
"2019-09-30T09:24:28.199Z",5141.10
"2019-09-30T09:27:52.447Z",5172.90
"2019-09-30T09:29:35.453Z",5217.60
"2019-09-30T09:51:05.171Z",5266.30
"2019-09-30T10:00:49.032Z",5334.20
"2019-09-30T10:46:58.325Z",5323.10
"2019-09-30T11:12:40.187Z",5349.70
"2019-09-30T12:47:02.918Z",5337.70
"2019-09-30T13:29:11.264Z",5349.80
"2019-09-30T13:31:46.669Z",5372.80
"2019-09-30T13:55:48.072Z",5410.70
"2019-09-30T14:55:57.248Z",5440.30
"2019-09-30T16:02:04.811Z",5454.10
"2019-09-30T16:07:17.698Z",5441.20
"2019-09-30T16:20:59.011Z",5420.60
"2019-09-30T20:13:51.064Z",5406.00
"2019-10-01T01:37:13.451Z",5419.70
"2019-10-01T01:44:47.795Z",5446.10
"2019-10-01T01:51:09.214Z",5489.80
"2019-10-01T01:52:56.341Z",5553.30
"2019-10-01T05:35:03.125Z",5537.70
"2019-10-01T06:19:45.128Z",5527.30
"2019-10-01T06:33:50.136Z",5502.20
"2019-10-01T09:04:36.142Z",5492.20
"2019-10-01T09:11:51.927Z",5468.50
"2019-10-01T10:41:38.779Z",5457.00
"2019-10-01T12:14:10.547Z",5469.00
"2019-10-01T12:24:42.912Z",5459.30
"2019-10-01T12:28:16.103Z",5443.50
"2019-10-01T12:29:17.054Z",5413.80
"2019-10-01T13:03:13.271Z",5382.70
"2019-10-01T15:12:05.174Z",5367.50
"2019-10-01T15:34:47.319Z",5303.20
"2019-10-01T16:20:22.949Z",5339.60
"2019-10-01T16:34:39.753Z",5385.80
"2019-10-01T17:19:19.099Z",5362.00
"2019-10-01T17:39:34.179Z",5311.90
"2019-10-01T19:08:13.751Z",5285.70
"2019-10-01T20:53:57.169Z",5316.20
"2019-10-02T02:39:33.965Z",5290.00
"2019-10-02T08:21:07.121Z",5314.10
"2019-10-02T12:02:41.333Z",5334.50
"2019-10-02T12:40:23.363Z",5309.60
"2019-10-02T16:02:25.715Z",5289.80
"2019-10-02T16:13:39.722Z",5312.70
"2019-10-02T17:24:54.628Z",5288.00
"2019-10-03T00:11:15.046Z",5309.90
"2019-10-03T14:01:48.743Z",5290.40
"2019-10-03T14:21:20.657Z",5264.20
"2019-10-03T14:23:53.393Z",5214.00
"2019-10-03T19:17:44.900Z",5205.50
"2019-10-03T22:23:14.717Z",5218.90
"2019-10-03T22:30:03.336Z",5240.80
"2019-10-03T23:15:29.355Z",5258.80
"2019-10-04T00:38:23.661Z",5246.80
"2019-10-04T00:59:19.833Z",5233.40
"2019-10-04T04:02:01.708Z",5220.00
"2019-10-04T04:36:39.580Z",5205.90
"2019-10-04T07:54:16.416Z",5224.20
"2019-10-04T12:07:49.022Z",5249.50
"2019-10-04T13:36:47.935Z",5259.10
"2019-10-04T16:09:47.192Z",5273.10
"2019-10-04T16:47:48.369Z",5301.20
"2019-10-04T23:25:15.939Z",5294.00
"2019-10-04T23:57:35.128Z",5284.00
"2019-10-05T00:30:36.945Z",5269.40
"2019-10-05T02:04:11.567Z",5267.40
"2019-10-05T08:11:41.480Z",5247.60
"2019-10-05T09:46:34.668Z",5238.30
"2019-10-05T10:10:25.811Z",5228.70
"2019-10-05T10:22:56.933Z",5223.60
"2019-10-05T12:55:57.182Z",5219.90
"2019-10-05T13:22:52.064Z",5217.50
"2019-10-05T13:30:31.705Z",5199.80
"2019-10-05T13:56:53.299Z",5205.00
"2019-10-05T14:31:39.713Z",5209.80
"2019-10-05T15:39:39.260Z",5211.30
"2019-10-05T15:56:45.592Z",5217.70
"2019-10-05T16:03:41.999Z",5232.60
"2019-10-05T16:18:26.362Z",5227.00
"2019-10-05T16:21:58.297Z",5222.70
"2019-10-05T16:30:21.475Z",5212.70
"2019-10-05T21:26:56.875Z",5232.20
"2019-10-05T21:31:34.058Z",5245.60
"2019-10-05T22:26:26.182Z",5248.20
"2019-10-06T06:47:35.721Z",5241.10
"2019-10-06T07:02:56.941Z",5220.00
"2019-10-06T08:48:18.773Z",5212.10
"2019-10-06T08:59:38.655Z",5198.90
"2019-10-06T11:15:17.410Z",5207.10
"2019-10-06T11:31:05.287Z",5216.50
"2019-10-06T13:57:50.251Z",5203.30
"2019-10-06T15:23:31.687Z",5210.10
"2019-10-06T15:40:52.995Z",5218.70
"2019-10-06T16:01:53.798Z",5230.80
"2019-10-06T18:26:10.175Z",5223.10
"2019-10-06T18:38:07.034Z",5212.50
"2019-10-06T18:39:59.561Z",5163.70
"2019-10-06T19:44:24.294Z",5176.90
"2019-10-06T20:20:11.101Z",5184.60
"2019-10-06T20:27:38.107Z",5193.70
"2019-10-06T20:32:24.769Z",5214.90
"2019-10-07T00:38:20.446Z",5207.40
"2019-10-07T03:09:52.036Z",5214.10
"2019-10-07T03:20:46.232Z",5221.10
"2019-10-07T03:34:59.964Z",5236.20
"2019-10-07T03:38:02.484Z",5258.80
"2019-10-07T07:10:54.711Z",5263.20
"2019-10-07T07:30:56.898Z",5283.30
"2019-10-07T08:02:19.298Z",5295.70
"2019-10-07T08:17:10.553Z",5366.50
"2019-10-07T09:57:46.989Z",5387.40
"2019-10-07T11:28:41.681Z",5395.60
"2019-10-07T11:41:16.249Z",5412.60
"2019-10-07T13:08:11.786Z",5420.10
"2019-10-07T13:17:27.966Z",5437.00
"2019-10-07T13:19:51.293Z",5466.50
"2019-10-07T15:00:17.722Z",5486.40
"2019-10-07T15:15:47.184Z",5520.80
"2019-10-07T16:47:53.104Z",5533.40
"2019-10-07T16:49:19.205Z",5570.90
"2019-10-07T19:12:56.749Z",5549.70
"2019-10-07T21:31:09.169Z",5533.50
"2019-10-08T01:34:21.333Z",5551.20
"2019-10-08T01:52:25.080Z",5581.20
"2019-10-08T03:17:11.608Z",5563.80
"2019-10-08T04:30:54.943Z",5551.30
"2019-10-08T05:06:20.415Z",5535.90
"2019-10-08T08:03:34.179Z",5523.30
"2019-10-08T08:52:07.078Z",5510.60
"2019-10-08T09:34:07.626Z",5496.90
"2019-10-08T12:17:08.577Z",5485.00
"2019-10-08T13:28:09.024Z",5472.10
"2019-10-08T14:15:11.209Z",5456.30
"2019-10-08T16:56:51.487Z",5440.90
"2019-10-08T20:32:54.145Z",5429.30
"2019-10-08T23:47:42.992Z",5445.10
"2019-10-09T07:18:48.128Z",5456.80
"2019-10-09T07:49:14.362Z",5474.30
"2019-10-09T09:00:22.549Z",5480.80
"2019-10-09T09:38:02.172Z",5495.20
"2019-10-09T10:13:01.457Z",5517.70
"2019-10-09T14:00:08.337Z",5531.60
"2019-10-09T14:16:40.132Z",5577.60
"2019-10-09T14:20:50.841Z",5662.30
"2019-10-09T15:31:17.740Z",5634.10
"2019-10-09T16:17:17.032Z",5658.90
"2019-10-10T00:49:15.291Z",5631.80
"2019-10-10T01:44:45.360Z",5606.80
"2019-10-10T02:25:18.100Z",5570.30
"2019-10-10T07:34:25.397Z",5600.20
"2019-10-10T08:41:05.014Z",5576.40
"2019-10-10T09:14:33.711Z",5555.40
"2019-10-10T09:44:13.975Z",5516.20
"2019-10-10T10:46:15.511Z",5490.10
"2019-10-10T11:48:28.948Z",5520.30
"2019-10-11T00:35:11.896Z",5468.10
"2019-10-11T04:44:13.836Z",5491.90
"2019-10-11T05:02:38.154Z",5536.60
"2019-10-11T05:15:41.354Z",5499.40
"2019-10-11T05:27:39.857Z",5396.00
"2019-10-11T07:44:58.742Z",5358.90
"2019-10-11T11:15:23.901Z",5322.70
"2019-10-11T11:54:22.195Z",5269.80
"2019-10-11T18:35:38.036Z",5228.20
"2019-10-12T01:56:03.505Z",5259.60
"2019-10-12T14:56:31.595Z",5270.50
"2019-10-12T16:36:17.032Z",5286.00
"2019-10-12T16:44:39.776Z",5338.20
"2019-10-12T17:53:21.483Z",5318.60
"2019-10-13T08:10:04.354Z",5342.20
"2019-10-13T12:50:41.524Z",5358.90
"2019-10-13T19:27:49.743Z",5340.90
"2019-10-13T20:07:06.805Z",5319.80
"2019-10-13T20:16:24.806Z",5280.80
"2019-10-14T03:00:27.639Z",5299.30
"2019-10-14T06:04:32.965Z",5316.00
"2019-10-14T11:10:02.589Z",5344.70
"2019-10-14T16:35:45.994Z",5362.00
"2019-10-15T04:34:12.021Z",5339.00
"2019-10-15T07:45:51.058Z",5323.50
"2019-10-15T08:03:52.323Z",5294.40
"2019-10-15T10:33:29.278Z",5311.80
"2019-10-15T12:08:46.241Z",5333.70
"2019-10-15T13:53:33.618Z",5353.20
"2019-10-15T14:54:25.911Z",5332.40
"2019-10-15T16:12:37.498Z",5314.50
"2019-10-15T16:15:02.603Z",5260.80
"2019-10-16T00:18:42.039Z",5293.30
"2019-10-16T06:20:00.284Z",5267.00
"2019-10-16T08:27:00.984Z",5244.70
"2019-10-16T10:15:04.395Z",5255.60
"2019-10-16T11:41:15.249Z",5236.20
"2019-10-16T12:26:14.216Z",5214.80
"2019-10-16T12:32:33.200Z",5155.20
"2019-10-16T13:47:07.785Z",5135.40
"2019-10-16T14:33:17.321Z",5115.40
"2019-10-16T16:00:44.105Z",5086.20
"2019-10-16T19:29:37.102Z",5041.60
"2019-10-17T08:10:55.278Z",5061.70
"2019-10-17T09:02:25.283Z",5113.10
"2019-10-17T09:42:37.866Z",5130.20
"2019-10-17T12:19:33.999Z",5111.80
"2019-10-18T05:26:04.616Z",5102.10
"2019-10-18T05:33:36.681Z",5078.90
"2019-10-18T06:04:34.446Z",5034.60
"2019-10-18T07:25:20.950Z",5009.40
"2019-10-18T08:09:31.620Z",4992.90
"2019-10-18T08:47:38.149Z",4973.80
"2019-10-18T08:50:13.620Z",4924.70
"2019-10-18T11:33:21.422Z",4941.90
"2019-10-18T12:15:26.526Z",4957.70
"2019-10-18T20:20:30.886Z",4936.00
"2019-10-18T21:04:26.572Z",4920.80
"2019-10-19T03:32:15.066Z",4942.10
"2019-10-19T04:15:27.462Z",4962.30
"2019-10-19T12:14:54.803Z",4944.00
"2019-10-19T12:57:09.036Z",4960.20
"2019-10-20T01:50:02.934Z",4933.30
"2019-10-20T07:25:50.580Z",4949.00
"2019-10-20T08:59:20.111Z",4933.80
"2019-10-20T12:35:52.120Z",4948.50
"2019-10-20T14:05:34.666Z",4959.30
"2019-10-20T14:12:16.724Z",4989.10
"2019-10-20T14:31:00.981Z",5039.20
"2019-10-20T15:56:14.727Z",5060.60
"2019-10-20T16:21:12.593Z",5096.90
"2019-10-20T17:15:38.347Z",5135.90
"2019-10-20T18:12:30.503Z",5161.10
"2019-10-20T19:55:51.629Z",5190.10
"2019-10-20T21:27:36.955Z",5212.40
"2019-10-21T07:26:52.534Z",5225.10
"2019-10-21T08:40:08.143Z",5192.80
"2019-10-21T10:20:28.265Z",5223.90
"2019-10-21T10:46:40.191Z",5287.50
"2019-10-21T11:00:57.252Z",5373.20
"2019-10-21T12:01:34.919Z",5335.20
"2019-10-21T14:31:57.215Z",5363.60
"2019-10-21T15:24:26.168Z",5336.60
"2019-10-21T19:27:56.618Z",5379.20
"2019-10-22T06:11:28.216Z",5345.90
"2019-10-22T09:02:50.273Z",5370.50
"2019-10-22T10:21:23.416Z",5347.30
"2019-10-22T13:24:58.639Z",5333.30
"2019-10-22T15:01:11.555Z",5316.70
"2019-10-22T22:47:58.753Z",5299.90
"2019-10-22T22:58:28.252Z",5261.70
"2019-10-23T03:33:10.960Z",5244.00
"2019-10-23T03:35:11.864Z",5040.50
"2019-10-23T03:37:53.422Z",5061.80
"2019-10-23T06:35:01.253Z",5083.70
"2019-10-23T10:55:53.194Z",5105.90
"2019-10-23T12:08:58.958Z",5079.70
"2019-10-23T12:41:26.757Z",5047.10
"2019-10-23T12:43:10.975Z",4971.30
"2019-10-23T13:21:45.625Z",4919.10
"2019-10-23T14:52:08.994Z",4892.80
"2019-10-23T15:05:28.613Z",4876.70
"2019-10-23T15:56:47.235Z",4845.10
"2019-10-23T16:00:31.391Z",4792.80
"2019-10-23T16:02:41.524Z",4714.70
"2019-10-23T16:07:02.717Z",4733.00
"2019-10-23T16:33:46.967Z",4818.80
"2019-10-23T19:28:48.246Z",4875.90
"2019-10-24T05:56:01.010Z",4914.30
"2019-10-24T05:57:22.198Z",4867.00
"2019-10-24T09:19:10.567Z",4909.40
"2019-10-24T13:45:05.753Z",4937.80
"2019-10-24T15:03:10.598Z",4991.90
"2019-10-24T15:04:06.044Z",4966.00
"2019-10-24T16:16:03.733Z",4994.80
"2019-10-24T18:40:27.263Z",5024.90
"2019-10-24T21:39:45.384Z",4985.00
"2019-10-25T08:01:05.894Z",5020.10
"2019-10-25T10:37:43.572Z",5048.50
"2019-10-25T11:13:32.822Z",5085.40
"2019-10-25T12:25:11.341Z",5114.10
"2019-10-25T14:02:13.082Z",5146.90
"2019-10-25T15:26:46.593Z",5174.60
"2019-10-25T15:44:38.973Z",5235.80
"2019-10-25T15:48:25.513Z",5350.30
"2019-10-25T15:51:59.526Z",5523.00
"2019-10-25T17:03:37.521Z",5866.10
"2019-10-25T18:46:40.361Z",5986.00
"2019-10-25T19:22:33.657Z",5889.80
"2019-10-26T00:00:40.983Z",5970.70
"2019-10-26T00:34:36.883Z",6066.30
"2019-10-26T00:40:18.343Z",5992.00
"2019-10-26T00:42:23.646Z",6135.60
"2019-10-26T01:43:45.431Z",6262.70
"2019-10-26T02:43:04.960Z",6116.60
"2019-10-26T07:43:19.611Z",5972.00
"2019-10-26T09:03:05.853Z",5855.70
"2019-10-26T16:15:20.050Z",5743.30
"2019-10-26T18:51:45.654Z",5641.90
"2019-10-26T23:29:55.005Z",5739.10
"2019-10-27T00:11:26.468Z",5854.00
"2019-10-27T01:07:02.558Z",5754.20
"2019-10-27T10:36:59.878Z",5849.70
"2019-10-27T11:19:05.737Z",5940.70
"2019-10-27T11:46:04.252Z",5840.00
"2019-10-27T14:48:11.424Z",5936.80
"2019-10-27T16:00:16.547Z",6027.80
"2019-10-27T19:40:38.948Z",6121.70
"2019-10-27T21:10:07.076Z",6025.50
"2019-10-28T00:26:58.264Z",6123.00
"2019-10-28T01:32:49.122Z",6214.30
"2019-10-28T03:57:00.082Z",6118.40
"2019-10-28T06:46:36.024Z",6026.70
"2019-10-28T10:41:24.391Z",6124.80
"2019-10-28T11:02:08.199Z",6317.90
"2019-10-28T12:09:47.325Z",6218.40
"2019-10-28T12:51:45.088Z",6121.10
"2019-10-28T23:23:36.964Z",6221.20
"2019-10-28T23:39:39.583Z",6121.50
"2019-10-29T04:04:34.592Z",6224.90
"2019-10-29T04:23:10.160Z",6432.60
"2019-10-29T05:12:22.894Z",6611.00
"2019-10-29T08:11:40.268Z",6502.80
"2019-10-29T09:51:02.943Z",6612.10
"2019-10-29T13:30:19.591Z",6502.40
"2019-10-29T16:41:05.435Z",6612.50
"2019-10-29T19:43:05.525Z",6502.80
"2019-10-29T23:12:52.764Z",6612.70
"2019-10-30T01:26:16.254Z",6716.30
"2019-10-30T01:59:17.405Z",6870.90
"2019-10-30T04:32:52.864Z",6758.90
"2019-10-30T05:32:46.815Z",6654.20
"2019-10-30T15:28:12.127Z",6548.50
"2019-10-30T15:45:07.613Z",6660.30
"2019-10-30T16:22:17.421Z",6549.20
"2019-10-31T09:29:00.721Z",6446.40
"2019-10-31T10:01:39.478Z",6284.60
"2019-10-31T12:03:34.296Z",6396.80
"2019-10-31T12:42:20.696Z",6538.70
"2019-10-31T16:07:31.168Z",6425.50
"2019-11-01T13:40:29.840Z",6333.70
"2019-11-02T09:49:21.931Z",6433.90
"2019-11-02T13:07:08.027Z",6519.30
"2019-11-02T15:36:44.918Z",6604.80
"2019-11-02T16:25:09.553Z",6690.20
"2019-11-03T02:16:56.737Z",6769.90
"2019-11-03T08:13:11.396Z",6683.60
"2019-11-03T10:31:44.138Z",6605.90
"2019-11-03T14:48:54.117Z",6500.80
"2019-11-03T23:03:49.350Z",6632.60
"2019-11-04T04:32:48.406Z",6525.20
"2019-11-04T10:08:05.937Z",6606.50
"2019-11-04T11:55:31.312Z",6681.00
"2019-11-04T18:53:58.314Z",6586.10
"2019-11-05T09:17:30.197Z",6652.00
"2019-11-05T15:35:04.216Z",6718.00
"2019-11-06T04:11:37.159Z",6836.70
"2019-11-06T04:48:16.947Z",6910.50
"2019-11-06T05:25:19.482Z",6998.80
"2019-11-06T10:04:29.227Z",6935.30
"2019-11-06T11:51:26.669Z",7000.20
"2019-11-06T22:06:50.481Z",6935.50
"2019-11-06T23:33:43.111Z",7018.90
"2019-11-07T00:24:10.917Z",6955.50
"2019-11-07T02:09:59.461Z",6890.90
"2019-11-07T08:18:06.091Z",6840.70
"2019-11-07T09:34:22.737Z",6787.20
"2019-11-07T10:06:16.188Z",6702.90
"2019-11-07T11:33:32.177Z",6761.50
"2019-11-07T22:04:46.420Z",6813.20
"2019-11-08T07:30:21.704Z",6746.40
"2019-11-08T08:23:34.723Z",6688.90
"2019-11-08T13:28:00.077Z",6610.40
"2019-11-08T14:36:03.283Z",6496.90
"2019-11-08T14:46:39.958Z",6355.50
"2019-11-08T15:16:03.720Z",6431.40
"2019-11-08T15:59:41.987Z",6494.90
"2019-11-08T21:23:50.367Z",6577.80
"2019-11-10T05:56:06.972Z",6629.20
"2019-11-10T16:17:39.179Z",6679.00
"2019-11-10T16:20:37.254Z",6823.20
"2019-11-10T16:23:29.609Z",6768.80
"2019-11-11T00:31:30.388Z",6834.50
"2019-11-11T06:05:57.850Z",6779.50
"2019-11-11T06:44:51.422Z",6720.20
"2019-11-11T09:04:20.760Z",6674.50
"2019-11-11T09:26:49.738Z",6583.90
"2019-11-11T11:46:05.329Z",6641.80
"2019-11-11T15:16:59.971Z",6687.70
"2019-11-12T13:58:25.016Z",6635.50
"2019-11-14T04:41:22.137Z",6600.40
"2019-11-14T04:45:43.646Z",6496.00
"2019-11-14T07:56:53.919Z",6458.80
"2019-11-14T11:12:31.099Z",6419.50
"2019-11-14T13:30:38.674Z",6465.50
"2019-11-14T21:19:06.949Z",6419.40
"2019-11-14T23:02:58.004Z",6466.70
"2019-11-15T01:54:28.225Z",6406.10
"2019-11-15T02:50:22.387Z",6363.10
"2019-11-15T06:41:56.493Z",6406.00
"2019-11-15T09:01:50.313Z",6443.40
"2019-11-15T13:54:10.845Z",6401.20
"2019-11-15T13:57:59.139Z",6296.30
"2019-11-15T14:27:39.719Z",6165.00
"2019-11-15T15:07:17.791Z",6212.10
"2019-11-15T16:26:50.016Z",6158.20
"2019-11-15T20:16:12.910Z",6117.60
"2019-11-15T22:55:44.152Z",6187.60
"2019-11-15T23:45:56.587Z",6137.00
"2019-11-16T05:09:47.713Z",6185.00
"2019-11-16T10:17:11.371Z",6228.20
"2019-11-17T07:57:05.660Z",6147.60
"2019-11-17T12:49:23.426Z",6239.30
"2019-11-18T03:22:25.363Z",6189.10
"2019-11-18T12:09:01.336Z",6144.00
"2019-11-18T15:46:22.828Z",6103.70
"2019-11-18T17:12:24.409Z",6006.20
"2019-11-18T18:14:13.697Z",5933.00
"2019-11-18T18:28:16.709Z",5812.10
"2019-11-18T18:34:33.624Z",5628.60
"2019-11-19T11:36:26.423Z",5576.30
"2019-11-19T13:02:32.859Z",5498.40
"2019-11-19T16:02:41.744Z",5616.10
"2019-11-20T17:45:23.879Z",5707.10
"2019-11-21T08:32:09.627Z",5636.70
"2019-11-21T11:14:36.789Z",5474.10
"2019-11-21T14:34:22.638Z",5416.70
"2019-11-21T14:45:19.361Z",5286.20
"2019-11-21T15:37:11.057Z",5350.00
"2019-11-21T17:06:01.390Z",5247.50
"2019-11-21T17:57:55.528Z",5193.20
"2019-11-21T18:37:53.637Z",5266.80
"2019-11-21T18:58:12.466Z",5205.80
"2019-11-21T20:16:08.146Z",5299.60
"2019-11-22T05:35:10.484Z",5230.20
"2019-11-22T06:35:02.768Z",5169.20
"2019-11-22T07:04:26.582Z",5069.60
"2019-11-22T07:06:56.825Z",5130.50
"2019-11-22T08:04:46.176Z",5215.20
"2019-11-22T09:02:07.166Z",5156.90
"2019-11-22T09:10:16.395Z",5008.10
"2019-11-22T10:10:17.828Z",4901.00
"2019-11-22T10:10:57.164Z",5077.60
"2019-11-22T10:20:09.918Z",4891.00
"2019-11-22T10:39:50.127Z",4755.30
"2019-11-22T10:47:04.299Z",4818.10
"2019-11-22T13:39:43.319Z",4753.80
"2019-11-22T14:08:27.088Z",4648.20
"2019-11-22T14:51:20.903Z",4748.00
"2019-11-22T15:31:28.800Z",4816.90
"2019-11-22T16:05:29.533Z",4923.40
"2019-11-22T17:14:12.193Z",4856.70
"2019-11-22T21:12:41.801Z",4955.50
"2019-11-22T22:40:28.150Z",4889.50
"2019-11-23T00:21:01.249Z",4825.80
"2019-11-23T09:36:42.856Z",4755.50
"2019-11-23T14:45:28.916Z",4878.60
"2019-11-23T15:29:36.469Z",4942.00
"2019-11-23T16:10:28.099Z",5016.50
"2019-11-23T22:53:25.463Z",5083.00
"2019-11-24T10:37:12.972Z",4986.50
"2019-11-24T14:40:30.358Z",4916.20
"2019-11-25T00:05:17.753Z",4743.00
"2019-11-25T04:01:48.982Z",4677.70
"2019-11-25T05:32:55.284Z",4597.70
"2019-11-25T08:36:49.935Z",4787.10
"2019-11-25T09:06:01.174Z",4915.70
"2019-11-25T09:18:07.012Z",4843.00
"2019-11-25T10:25:14.530Z",4774.40
"2019-11-25T10:57:37.669Z",4848.90
"2019-11-25T12:28:10.523Z",4979.90
"2019-11-25T15:53:25.059Z",5053.10
"2019-11-25T21:00:50.371Z",4962.90
"2019-11-25T23:59:43.236Z",4900.40
"2019-11-26T10:15:33.279Z",4982.70
"2019-11-26T11:22:45.622Z",4915.40
"2019-11-27T09:16:07.794Z",4853.20
"2019-11-27T12:03:11.148Z",4928.30
"2019-11-27T12:34:08.337Z",5026.00
"2019-11-27T16:49:24.115Z",5089.80
"2019-11-27T17:57:36.663Z",5175.20
"2019-11-28T10:34:01.354Z",5110.60
"2019-11-29T07:56:16.124Z",5164.30
"2019-11-29T09:09:45.056Z",5215.10
"2019-11-29T13:35:57.880Z",5264.00
"2019-11-30T09:47:11.880Z",5215.60
"2019-11-30T14:09:24.890Z",5167.20
"2019-11-30T15:04:12.100Z",5112.40
"2019-11-30T17:41:07.257Z",5072.90
"2019-11-30T23:39:09.813Z",5117.30
"2019-12-01T00:57:53.196Z",5072.80
"2019-12-01T02:03:04.598Z",5012.20
"2019-12-01T02:55:53.703Z",4972.50
"2019-12-01T05:38:10.755Z",4932.20
"2019-12-01T09:54:47.910Z",4977.10
"2019-12-01T13:44:39.017Z",5022.70
"2019-12-02T06:02:46.311Z",4987.60
"2019-12-02T13:04:39.105Z",4957.70
"2019-12-03T00:33:12.710Z",4992.60
"2019-12-03T10:05:45.470Z",4952.60
"2019-12-04T00:07:17.353Z",4895.60
"2019-12-04T00:37:21.241Z",4788.30
"2019-12-04T02:59:55.723Z",4840.40
"2019-12-04T05:05:19.700Z",4803.90
"2019-12-04T10:45:03.639Z",4842.50
"2019-12-04T13:22:44.471Z",4868.70
"2019-12-04T13:24:16.461Z",4947.70
"2019-12-04T20:53:13.351Z",4911.50
"2019-12-04T21:23:41.202Z",4849.70
"2019-12-05T02:57:18.057Z",4817.60
"2019-12-05T04:40:46.411Z",4852.90
"2019-12-05T10:36:13.919Z",4888.80
"2019-12-05T12:23:37.445Z",4919.40
"2019-12-05T15:23:56.144Z",4879.10
"2019-12-05T17:03:49.060Z",4848.20
"2019-12-05T18:45:01.101Z",4884.00
"2019-12-06T17:41:48.225Z",4849.80
"2019-12-06T17:53:41.578Z",4903.60
"2019-12-07T04:16:11.649Z",4933.10
"2019-12-07T04:52:07.064Z",4973.00
"2019-12-07T21:01:30.606Z",4940.40
"2019-12-08T00:33:57.131Z",4910.40
"2019-12-08T15:08:31.629Z",4942.30
"2019-12-09T13:27:56.821Z",4967.80
"2019-12-09T15:33:35.038Z",4937.50
"2019-12-09T16:01:21.100Z",4889.20
"2019-12-09T19:57:47.868Z",4840.10
"2019-12-10T14:56:28.220Z",4813.70
"2019-12-10T15:42:33.775Z",4782.50
"2019-12-10T18:00:13.505Z",4758.40
"2019-12-11T06:19:44.734Z",4792.10
"2019-12-11T15:26:35.970Z",4768.10
"2019-12-12T00:37:12.710Z",4753.60
"2019-12-12T01:55:56.331Z",4736.90
"2019-12-12T12:03:46.392Z",4758.50
"2019-12-12T13:08:10.508Z",4777.70
"2019-12-12T14:38:56.259Z",4755.90
"2019-12-13T06:50:41.705Z",4775.80
"2019-12-13T15:27:21.140Z",4792.10
"2019-12-13T15:46:54.071Z",4825.70
"2019-12-14T01:51:20.403Z",4874.10
"2019-12-14T08:42:18.215Z",4851.10
"2019-12-14T11:29:21.774Z",4830.50
"2019-12-14T15:42:26.890Z",4814.70
"2019-12-14T16:01:49.324Z",4777.50
"2019-12-15T22:49:03.675Z",4761.70
"2019-12-16T04:21:34.328Z",4745.20
"2019-12-16T07:31:55.803Z",4766.50
"2019-12-16T18:28:31.057Z",4747.50
"2019-12-16T18:30:40.189Z",4705.00
"2019-12-16T18:32:25.305Z",4608.90
"2019-12-16T19:11:46.530Z",4515.00
"2019-12-17T13:40:27.438Z",4472.70
"2019-12-17T16:41:12.000Z",4424.40
"2019-12-17T19:05:22.546Z",4224.10
"2019-12-17T22:06:12.000Z",4159.20
"2019-12-18T11:59:07.645Z",4059.10
"2019-12-18T12:53:17.373Z",4000.60
"2019-12-18T13:31:26.344Z",4043.50
"2019-12-18T14:01:50.024Z",4107.50
"2019-12-18T15:16:53.909Z",4178.70
"2019-12-18T20:22:19.595Z",4239.20
"2019-12-18T20:33:53.846Z",4338.90
"2019-12-18T22:39:01.963Z",4375.40
"2019-12-19T00:45:18.382Z",4334.50
"2019-12-19T04:51:44.631Z",4297.60
"2019-12-19T07:17:14.049Z",4242.80
"2019-12-19T11:50:49.893Z",4284.50
"2019-12-19T16:17:03.910Z",4321.50
"2019-12-20T00:38:12.231Z",4280.00
"2019-12-20T07:43:25.480Z",4321.70
"2019-12-20T14:57:38.374Z",4360.90
"2019-12-21T09:20:11.743Z",4314.60
"2019-12-22T08:00:22.265Z",4357.80
"2019-12-22T17:39:09.188Z",4396.90
"2019-12-22T19:02:15.051Z",4437.00
"2019-12-22T20:10:34.767Z",4486.10
"2019-12-23T00:21:24.210Z",4540.20
"2019-12-23T04:22:07.028Z",4497.70
"2019-12-23T11:31:56.094Z",4539.70
"2019-12-23T17:21:08.400Z",4500.70
"2019-12-23T18:00:31.904Z",4445.80
"2019-12-23T22:37:38.998Z",4408.50
"2019-12-24T10:39:37.330Z",4447.00
"2019-12-24T14:43:57.483Z",4406.20
"2019-12-24T15:04:09.496Z",4347.40
"2019-12-25T12:00:45.987Z",4322.70
"2019-12-25T16:17:34.544Z",4265.60
"2019-12-25T20:08:09.736Z",4291.20
"2019-12-25T21:28:27.781Z",4319.00
"2019-12-26T16:25:23.599Z",4338.80
"2019-12-26T16:37:39.487Z",4393.00
"2019-12-26T18:47:21.704Z",4367.00
"2019-12-26T19:28:21.719Z",4441.40
"2019-12-26T19:55:28.848Z",4412.70
"2019-12-26T21:06:10.652Z",4379.80
"2019-12-26T21:55:16.562Z",4353.40
"2019-12-26T22:26:27.328Z",4314.60
"2019-12-27T02:12:01.326Z",4344.00
"2019-12-27T03:21:02.568Z",4375.40
"2019-12-27T05:01:14.697Z",4345.30
"2019-12-27T07:45:25.493Z",4379.80
"2019-12-27T14:21:48.041Z",4406.20
"2019-12-27T15:15:33.604Z",4430.50
"2019-12-27T15:45:59.007Z",4472.60
"2019-12-27T16:04:01.799Z",4544.70
"2019-12-27T16:30:22.629Z",4645.70
"2019-12-27T16:40:15.287Z",4613.70
"2019-12-28T00:25:17.598Z",4647.00
"2019-12-28T00:32:11.065Z",4727.30
"2019-12-28T15:32:40.995Z",4691.90
"2019-12-28T16:41:01.822Z",4732.60
"2019-12-29T00:29:56.880Z",4697.10
"2019-12-29T12:19:32.651Z",4734.90
"2019-12-29T12:38:13.008Z",4801.70
"2019-12-29T14:31:18.706Z",4854.50
"2019-12-29T16:15:27.367Z",4885.80
"2019-12-30T10:00:17.882Z",4849.70
"2019-12-30T13:00:11.770Z",4819.50
"2019-12-30T14:56:38.334Z",4787.30
"2019-12-30T15:58:04.471Z",4737.10
"2019-12-31T14:42:21.548Z",4771.70
"2019-12-31T15:02:08.885Z",4737.20
"2019-12-31T17:36:17.506Z",4704.20
"2019-12-31T18:01:35.615Z",4646.70
"2020-01-01T01:19:52.843Z",4683.10
"2020-01-01T02:46:13.708Z",4720.80
"2020-01-01T22:40:45.129Z",4683.20
"2020-01-02T02:22:34.187Z",4645.80
"2020-01-02T03:44:08.055Z",4613.50
"2020-01-02T16:47:02.398Z",4583.20
"2020-01-02T17:25:57.539Z",4517.60
"2020-01-02T20:22:29.423Z",4481.70
"2020-01-03T00:45:20.017Z",4432.60
"2020-01-03T04:40:41.408Z",4472.60
"2020-01-03T04:44:00.997Z",4560.20
"2020-01-03T06:34:01.284Z",4636.50
"2020-01-03T07:26:32.993Z",4701.90
"2020-01-03T08:42:21.488Z",4734.00
"2020-01-03T09:02:40.579Z",4801.70
"2020-01-03T09:52:33.395Z",4857.60
"2020-01-03T13:54:07.477Z",4892.80
"2020-01-03T14:44:09.809Z",4855.00
"2020-01-03T15:58:34.959Z",4898.60
"2020-01-03T16:12:34.305Z",4987.60
"2020-01-03T21:03:18.565Z",4948.60
"2020-01-03T23:08:06.734Z",5015.10
"2020-01-04T00:36:21.933Z",4968.50
"2020-01-04T02:59:37.882Z",5012.60
"2020-01-04T06:21:59.375Z",5047.60
"2020-01-04T10:29:32.895Z",5082.30
"2020-01-04T12:16:19.049Z",5042.50
"2020-01-04T18:37:22.999Z",5082.00
"2020-01-04T18:46:28.983Z",5042.70
"2020-01-04T20:27:52.695Z",5082.30
"2020-01-05T08:53:23.442Z",5043.70
"2020-01-05T16:02:51.960Z",5095.90
"2020-01-06T01:49:21.719Z",5130.00
"2020-01-06T01:58:46.486Z",5219.90
"2020-01-06T03:00:09.498Z",5295.90
"2020-01-06T08:57:46.492Z",5343.70
"2020-01-06T12:51:07.435Z",5382.60
"2020-01-06T22:28:00.827Z",5462.80
"2020-01-07T12:23:49.303Z",5403.50
"2020-01-07T13:10:44.222Z",5348.90
"2020-01-07T17:25:11.775Z",5429.90
"2020-01-07T18:28:20.071Z",5502.00
"2020-01-08T00:56:15.816Z",5557.40
"2020-01-08T10:56:49.133Z",5501.60
"2020-01-08T12:37:59.695Z",5541.80
"2020-01-08T12:52:55.948Z",5500.90
"2020-01-08T13:19:02.554Z",5435.30
"2020-01-08T13:30:51.241Z",5478.50
"2020-01-08T14:12:16.410Z",5437.80
"2020-01-08T15:30:53.834Z",5384.80
"2020-01-08T16:44:46.905Z",5306.80
"2020-01-08T23:27:53.719Z",5451.50
"2020-01-09T05:28:04.862Z",5416.80
"2020-01-09T09:00:33.502Z",5386.70
"2020-01-09T10:02:59.160Z",5344.90
"2020-01-09T18:07:30.849Z",5285.50
"2020-01-09T23:48:43.529Z",5375.90
"2020-01-10T00:14:18.349Z",5435.40
"2020-01-10T04:36:02.567Z",5381.30
"2020-01-10T05:58:46.267Z",5354.30
"2020-01-10T08:44:50.059Z",5333.80
"2020-01-10T10:20:28.851Z",5306.80
"2020-01-10T10:29:08.319Z",5338.80
"2020-01-10T11:08:09.485Z",5370.50
"2020-01-10T11:18:00.704Z",5444.10
"2020-01-10T12:08:08.195Z",5600.60
"2020-01-10T15:04:04.829Z",5844.90
"2020-01-11T01:19:18.320Z",6247.20
"2020-01-11T10:54:29.311Z",6022.50
"2020-01-11T15:31:56.085Z",6054.50
"2020-01-11T16:03:34.111Z",6018.10
"2020-01-11T16:08:40.988Z",6058.60
"2020-01-11T19:24:16.257Z",6096.70
"2020-01-11T20:41:24.089Z",6049.90
"2020-01-11T21:54:38.589Z",6014.80
"2020-01-11T23:38:14.864Z",5958.60
"2020-01-12T06:50:46.346Z",6042.60
"2020-01-12T10:06:43.146Z",6002.50
"2020-01-12T12:24:53.592Z",6054.60
"2020-01-12T16:42:17.779Z",6000.60
"2020-01-12T17:30:54.376Z",5980.00
"2020-01-12T23:59:17.553Z",6003.00
"2020-01-13T02:54:35.289Z",5970.20
"2020-01-13T10:59:43.471Z",6024.30
"2020-01-13T14:24:49.451Z",5976.60
"2020-01-13T20:24:36.907Z",5965.30
"2020-01-13T20:30:00.887Z",5982.60
"2020-01-13T21:00:20.068Z",6006.60
"2020-01-13T21:25:11.034Z",6045.20
"2020-01-14T00:31:36.031Z",6106.50
"2020-01-14T00:40:33.463Z",6295.70
"2020-01-14T13:11:46.706Z",6531.80
"2020-01-14T14:24:56.012Z",6840.80
"2020-01-14T15:26:07.057Z",7403.20
"2020-01-14T15:38:07.376Z",6821.00
"2020-01-14T23:40:56.468Z",7400.40
"2020-01-15T12:58:27.479Z",7151.40
"2020-01-15T15:12:05.295Z",7379.80
"2020-01-15T16:10:36.134Z",7233.00
"2020-01-15T16:12:13.009Z",7379.80
"2020-01-15T20:53:31.598Z",7446.40
"2020-01-15T21:20:49.132Z",7560.70
"2020-01-16T01:13:33.443Z",7409.40
"2020-01-16T01:34:52.856Z",7126.30
"2020-01-16T12:09:15.541Z",7343.00
"2020-01-16T13:54:45.746Z",7176.80
"2020-01-16T16:04:09.769Z",7291.10
"2020-01-16T18:53:14.211Z",7366.70
"2020-01-17T03:13:31.982Z",7465.20
"2020-01-17T04:58:31.703Z",7691.20
"2020-01-17T16:22:55.070Z",7867.80
"2020-01-17T19:19:05.164Z",8304.20
"2020-01-18T00:45:57.845Z",8886.30
"2020-01-18T04:41:59.376Z",8126.80
"2020-01-18T09:07:45.458Z",8208.30
"2020-01-18T09:43:42.479Z",8360.90
"2020-01-18T11:14:21.505Z",8214.50
"2020-01-18T12:17:50.016Z",8364.20
"2020-01-18T14:29:49.797Z",8219.70
"2020-01-18T15:18:45.716Z",8100.80
"2020-01-18T15:39:34.080Z",7805.00
"2020-01-19T04:52:55.508Z",7998.30
"2020-01-19T11:01:03.112Z",7947.70
"2020-01-19T11:02:41.877Z",7750.90
"2020-01-19T11:06:32.653Z",7471.20
"2020-01-19T11:26:34.424Z",7614.40
"2020-01-19T12:31:25.175Z",7351.60
"2020-01-19T23:26:23.782Z",7580.90
"2020-01-20T11:55:39.284Z",7514.60
"2020-01-20T12:27:16.161Z",7448.00
"2020-01-20T13:44:28.735Z",7528.10
"2020-01-20T14:30:22.363Z",7594.20
"2020-01-20T14:47:06.580Z",7763.10
"2020-01-20T15:53:11.931Z",7903.30
"2020-01-21T06:28:57.421Z",7775.90
"2020-01-21T09:46:28.381Z",7726.80
"2020-01-21T11:17:51.321Z",7764.90
"2020-01-21T16:30:47.440Z",7727.80
"2020-01-21T16:34:39.272Z",7650.60
"2020-01-21T23:07:02.032Z",7741.70
"2020-01-22T06:49:44.971Z",7772.70
"2020-01-22T06:51:15.958Z",7811.70
"2020-01-22T13:38:16.376Z",7700.50
"2020-01-22T15:15:44.356Z",7780.60
"2020-01-22T17:01:59.461Z",7825.70
"2020-01-22T23:57:47.600Z",7858.50
"2020-01-23T01:40:04.683Z",7813.50
"2020-01-23T02:10:29.465Z",7749.30
"2020-01-23T12:11:03.513Z",7626.30
"2020-01-23T17:41:31.729Z",7447.10
"2020-01-23T18:32:15.046Z",7202.90
"2020-01-24T09:41:42.182Z",6866.60
"2020-01-24T11:58:38.660Z",7219.30
"2020-01-24T14:38:41.493Z",7408.90
"2020-01-24T17:40:11.203Z",7261.00
"2020-01-25T00:33:05.966Z",7151.20
"2020-01-25T21:58:03.250Z",7197.00
"2020-01-26T00:00:47.923Z",7137.00
"2020-01-26T05:12:21.043Z",7161.00
"2020-01-26T08:11:27.299Z",7199.10
"2020-01-26T08:25:20.708Z",7322.60
"2020-01-26T14:32:41.949Z",7571.40
"2020-01-27T00:19:14.630Z",7958.30
"2020-01-27T10:23:13.315Z",8291.60
"2020-01-27T14:31:56.063Z",7941.00
"2020-01-27T14:50:27.883Z",8306.10
"2020-01-28T01:02:47.203Z",8445.00
"2020-01-28T03:23:40.882Z",8332.40
"2020-01-28T05:21:44.649Z",8264.00
"2020-01-28T06:26:15.454Z",8215.20
"2020-01-28T10:23:26.884Z",8294.50
"2020-01-28T11:08:27.477Z",8352.60
"2020-01-28T14:05:45.129Z",8390.30
"2020-01-28T14:15:55.265Z",8495.60
"2020-01-28T15:02:17.097Z",8371.90
"2020-01-28T17:32:03.013Z",8253.70
"2020-01-28T19:09:10.959Z",8209.60
"2020-01-28T19:56:27.781Z",8269.60
"2020-01-28T21:18:50.270Z",8344.30
"2020-01-28T22:40:19.009Z",8394.60
"2020-01-28T22:42:48.855Z",8537.90
"2020-01-28T22:44:46.361Z",8463.60
"2020-01-28T23:37:21.648Z",8528.90
"2020-01-29T00:08:43.732Z",8686.80
"2020-01-29T16:38:02.763Z",8539.80
"2020-01-29T16:40:45.395Z",8693.50
"2020-01-29T21:20:43.997Z",8780.90
"2020-01-29T23:50:46.756Z",8737.90
"2020-01-30T00:10:40.013Z",8656.20
"2020-01-30T07:16:48.520Z",8737.00
"2020-01-30T07:42:19.377Z",8836.10
"2020-01-30T14:05:46.019Z",8779.10
"2020-01-30T14:18:17.833Z",8835.00
"2020-01-30T16:27:12.564Z",8897.50
"2020-01-30T16:31:36.548Z",8824.90
"2020-01-30T17:07:20.437Z",8897.00
"2020-01-31T04:52:51.479Z",8817.80
"2020-01-31T08:22:04.291Z",8734.40
"2020-01-31T09:18:44.095Z",8837.60
"2020-01-31T10:13:24.516Z",8750.20
"2020-01-31T12:10:28.946Z",8658.20
"2020-01-31T12:41:18.400Z",8471.10
"2020-02-01T01:55:05.943Z",8589.80
"2020-02-01T02:16:54.489Z",8754.40
"2020-02-01T11:12:52.213Z",8634.30
"2020-02-01T12:35:55.520Z",8559.00
"2020-02-01T13:17:16.183Z",8624.10
"2020-02-01T17:44:17.720Z",8667.40
"2020-02-02T00:27:13.192Z",8618.10
"2020-02-02T02:11:14.670Z",8559.00
"2020-02-02T10:07:35.456Z",8653.60
"2020-02-02T10:53:36.262Z",8696.30
"2020-02-02T12:24:02.828Z",8773.10
"2020-02-02T14:11:46.786Z",8669.10
"2020-02-02T19:25:37.274Z",8755.70
"2020-02-02T23:59:07.715Z",8660.40
"2020-02-03T01:30:20.577Z",8749.20
"2020-02-03T07:13:13.862Z",8773.60
"2020-02-03T10:09:09.505Z",8729.60
"2020-02-03T12:53:21.457Z",8769.70
"2020-02-03T13:49:00.801Z",8729.00
"2020-02-03T14:27:36.223Z",8689.70
"2020-02-03T16:17:18.485Z",8728.30
"2020-02-03T19:03:55.703Z",8695.20
"2020-02-03T20:35:43.326Z",8731.90
"2020-02-04T00:08:57.437Z",8763.20
"2020-02-04T00:10:35.663Z",8803.20
"2020-02-04T05:45:10.084Z",8733.60
"2020-02-04T09:24:56.501Z",8709.50
"2020-02-04T09:26:38.489Z",8660.40
"2020-02-04T14:39:12.003Z",8591.40
"2020-02-04T15:50:36.989Z",8667.40
"2020-02-04T19:45:07.620Z",8636.20
"2020-02-05T04:53:33.995Z",8693.50
"2020-02-05T05:00:11.386Z",8728.30
"2020-02-05T09:50:12.259Z",8842.90
"2020-02-05T10:24:28.512Z",9029.80
"2020-02-05T11:39:57.143Z",9422.00
"2020-02-06T00:05:07.347Z",10025.00
"2020-02-06T00:56:26.707Z",9432.80
"2020-02-06T05:22:46.314Z",9899.80
"2020-02-06T11:57:39.186Z",10047.20
"2020-02-06T13:47:42.247Z",9884.80
"2020-02-06T14:32:46.239Z",10044.10
"2020-02-07T02:04:03.976Z",10180.20
"2020-02-07T08:43:58.260Z",10011.30
"2020-02-07T10:16:09.372Z",10049.20
"2020-02-07T11:30:10.107Z",10109.70
"2020-02-07T11:46:03.541Z",10060.70
"2020-02-07T12:13:41.281Z",9977.30
"2020-02-07T14:48:31.471Z",10065.00
"2020-02-07T16:50:37.475Z",9996.40
"2020-02-07T20:08:30.301Z",10047.80
"2020-02-08T02:32:31.406Z",9981.20
"2020-02-08T03:12:11.214Z",9938.30
"2020-02-08T04:27:17.199Z",10015.10
"2020-02-08T04:43:44.697Z",10193.30
"2020-02-08T09:02:31.633Z",10402.50
"2020-02-08T13:44:30.586Z",10230.50
"2020-02-08T22:15:50.260Z",10274.90
"2020-02-09T02:51:00.869Z",10387.40
"2020-02-09T11:48:34.373Z",10276.90
"2020-02-09T15:18:47.716Z",10241.00
"2020-02-09T15:23:41.610Z",10161.90
"2020-02-09T15:54:26.820Z",10227.00
"2020-02-09T16:49:12.105Z",10313.80
"2020-02-09T20:55:32.747Z",10271.20
"2020-02-09T23:15:36.155Z",10330.00
"2020-02-10T00:03:06.320Z",10381.60
"2020-02-10T01:59:13.945Z",10328.70
"2020-02-10T03:24:24.844Z",10285.00
"2020-02-10T05:55:25.315Z",10213.30
"2020-02-10T07:54:05.567Z",10311.80
"2020-02-10T08:55:52.750Z",10213.30
"2020-02-10T14:38:17.750Z",10303.50
"2020-02-10T15:07:41.588Z",10511.60
"2020-02-10T20:12:02.916Z",10314.50
"2020-02-10T23:34:38.414Z",10438.30
"2020-02-11T00:22:03.445Z",10346.40
"2020-02-11T01:17:11.621Z",10243.90
"2020-02-11T09:40:41.297Z",10330.50
"2020-02-11T12:13:45.275Z",10405.10
"2020-02-11T13:10:05.415Z",10473.70
"2020-02-11T16:53:53.960Z",10608.60
"2020-02-12T05:23:49.549Z",10873.40
"2020-02-12T15:08:19.194Z",10725.90
"2020-02-12T16:52:56.395Z",10830.80
"2020-02-12T18:15:06.274Z",10725.90
"2020-02-12T19:10:53.760Z",10789.30
"2020-02-12T23:13:24.218Z",10886.80
"2020-02-13T00:27:42.582Z",10790.50
"2020-02-13T03:35:16.492Z",10752.60
"2020-02-13T06:34:37.765Z",10801.50
"2020-02-13T07:09:02.809Z",10907.60
"2020-02-13T07:58:09.888Z",10826.00
"2020-02-13T08:13:10.400Z",10651.00
"2020-02-13T09:10:22.271Z",10458.10
"2020-02-13T09:12:10.756Z",10578.00
"2020-02-13T10:28:41.520Z",10724.90
"2020-02-13T12:34:07.190Z",10607.40
"2020-02-13T12:50:53.645Z",10713.10
"2020-02-13T13:34:07.222Z",10811.00
"2020-02-13T14:04:21.334Z",10735.00
"2020-02-13T16:51:52.203Z",10687.80
"2020-02-13T23:36:03.498Z",10762.90
"2020-02-14T03:25:13.816Z",10863.90
"2020-02-14T05:59:01.025Z",10755.80
"2020-02-14T09:39:50.032Z",10814.20
"2020-02-14T10:20:21.181Z",10885.80
"2020-02-14T10:24:27.224Z",11050.90
"2020-02-15T00:20:46.555Z",11357.80
"2020-02-15T07:29:06.215Z",11264.20
"2020-02-15T13:37:17.000Z",11213.67
"2020-02-15T15:37:08.481Z",11140.60
"2020-02-15T15:48:06.224Z",10999.90
"2020-02-15T16:31:35.774Z",10704.00
"2020-02-15T16:35:49.490Z",10116.00
"2020-02-16T08:24:45.397Z",10407.10
"2020-02-16T10:52:10.493Z",10166.60
"2020-02-16T15:19:14.547Z",9863.50
"2020-02-16T16:18:04.511Z",9549.90
"2020-02-16T16:57:26.003Z",8996.40
"2020-02-16T22:26:37.150Z",9752.30
"2020-02-17T01:49:41.335Z",9267.50
"2020-02-17T04:13:35.773Z",8785.70
"2020-02-17T15:02:06.428Z",9221.60
"2020-02-17T16:50:41.920Z",9538.30
"2020-02-17T17:48:45.410Z",9261.90
"2020-02-18T00:00:10.462Z",9503.50
"2020-02-18T12:08:06.952Z",9372.00
"2020-02-18T12:58:17.228Z",9325.40
"2020-02-18T13:09:32.302Z",9236.40
"2020-02-18T15:24:43.878Z",9412.40
"2020-02-18T16:49:27.487Z",9597.70
"2020-02-18T20:07:01.474Z",9838.50
"2020-02-19T08:05:10.826Z",9647.60
"2020-02-19T13:09:00.179Z",9598.60
"2020-02-19T14:59:40.027Z",9646.90
"2020-02-19T20:02:46.821Z",9596.20
"2020-02-19T20:38:49.734Z",9492.40
"2020-02-19T21:16:30.536Z",9244.50
"2020-02-19T21:52:10.148Z",8756.20
"2020-02-19T22:50:32.067Z",9188.90
"2020-02-20T08:55:30.390Z",8754.30
"2020-02-20T16:38:23.896Z",8376.30
"2020-02-20T21:51:58.931Z",8689.40
"2020-02-21T01:36:00.455Z",8772.00
"2020-02-21T02:23:51.058Z",8842.40
"2020-02-21T12:58:42.979Z",8921.10
"2020-02-21T20:01:07.838Z",8802.80
"2020-02-21T22:46:04.001Z",8721.30
"2020-02-21T23:31:14.653Z",8801.10
"2020-02-22T06:05:03.163Z",8724.60
"2020-02-22T13:13:01.366Z",8819.50
"2020-02-22T15:25:56.625Z",8747.40
"2020-02-22T16:25:07.004Z",8677.80
"2020-02-22T17:01:19.954Z",8750.70
"2020-02-23T03:45:02.745Z",8776.30
"2020-02-23T04:00:49.138Z",8822.40
"2020-02-23T04:40:26.367Z",8904.60
"2020-02-23T06:16:07.918Z",9072.80
"2020-02-23T23:42:44.896Z",9249.20
"2020-02-24T02:37:34.388Z",9026.90
"2020-02-24T11:26:21.218Z",9152.90
"2020-02-24T12:25:21.113Z",9048.10
"2020-02-24T14:59:48.406Z",8963.80
"2020-02-24T15:39:08.311Z",8833.20
"2020-02-25T05:44:06.550Z",8655.60
"2020-02-25T14:35:50.543Z",8558.40
"2020-02-25T14:54:33.308Z",8414.10
"2020-02-25T16:50:01.999Z",8187.10
"2020-02-26T02:07:03.260Z",7931.30
"2020-02-26T08:26:38.865Z",7492.40
"2020-02-26T13:20:07.153Z",8039.80
"2020-02-26T13:56:49.851Z",7535.70
"2020-02-26T16:45:00.260Z",7097.00
"2020-02-26T19:04:17.749Z",7591.30
"2020-02-27T00:17:02.888Z",7381.30
"2020-02-27T01:48:10.595Z",7611.90
"2020-02-27T03:12:08.580Z",7415.60
"2020-02-27T05:07:21.593Z",7550.60
"2020-02-27T05:52:20.698Z",7627.60
"2020-02-27T11:30:15.428Z",7514.60
"2020-02-27T12:19:19.709Z",7611.40
"2020-02-27T12:52:31.243Z",7529.00
"2020-02-27T16:15:23.990Z",7580.90
"2020-02-27T16:35:53.407Z",7703.20
"2020-02-27T17:04:52.886Z",7797.90
"2020-02-27T18:46:17.576Z",7654.50
"2020-02-27T21:49:10.159Z",7544.60
"2020-02-27T22:15:04.208Z",7449.30
"2020-02-28T00:26:09.255Z",7538.40
"2020-02-28T05:11:14.051Z",7445.30
"2020-02-28T07:22:42.935Z",7293.30
"2020-02-28T17:34:26.618Z",7083.20
"2020-02-28T20:33:24.443Z",7122.60
