"2019-07-12T00:48:39.160Z",3283.75
"2019-07-12T01:15:51.049Z",3287.33
"2019-07-12T03:47:13.785Z",3289.77
"2019-07-12T03:58:57.229Z",3292.62
"2019-07-12T04:09:12.531Z",3304.47
"2019-07-12T07:08:25.290Z",3377.10
"2019-07-12T07:30:39.239Z",3388.31
"2019-07-12T12:58:06.381Z",3384.13
"2019-07-12T13:01:49.768Z",3382.45
"2019-07-12T13:12:21.465Z",3379.97
"2019-07-12T13:34:40.989Z",3377.25
"2019-07-12T13:39:46.849Z",3369.50
"2019-07-12T14:51:14.210Z",3350.34
"2019-07-12T15:07:28.907Z",3319.62
"2019-07-12T18:44:17.122Z",3272.14
"2019-07-13T01:13:11.876Z",3271.01
"2019-07-13T01:16:12.390Z",3265.36
"2019-07-13T03:13:57.862Z",3261.00
"2019-07-13T03:58:36.577Z",3265.61
"2019-07-13T05:59:30.751Z",3266.67
"2019-07-13T06:10:19.224Z",3270.25
"2019-07-13T06:17:08.453Z",3274.06
"2019-07-13T07:45:02.452Z",3270.18
"2019-07-13T07:57:55.982Z",3268.86
"2019-07-13T08:00:15.022Z",3261.79
"2019-07-13T09:20:19.748Z",3258.37
"2019-07-13T09:53:57.995Z",3238.91
"2019-07-13T10:10:06.178Z",3209.02
"2019-07-13T12:42:01.182Z",3178.77
"2019-07-13T13:18:29.073Z",3188.74
"2019-07-13T13:20:13.237Z",3191.31
"2019-07-13T13:29:50.263Z",3193.21
"2019-07-13T15:28:35.090Z",3194.55
"2019-07-13T16:01:19.998Z",3197.31
"2019-07-13T18:11:54.436Z",3192.52
"2019-07-13T18:17:35.918Z",3186.16
"2019-07-13T19:18:07.026Z",3169.73
"2019-07-13T19:38:33.921Z",3174.08
"2019-07-13T19:40:15.550Z",3204.79
"2019-07-13T19:42:17.009Z",3212.24
"2019-07-13T20:45:47.818Z",3154.15
"2019-07-13T22:10:32.639Z",3167.73
"2019-07-13T22:23:46.307Z",3183.73
"2019-07-14T00:01:59.466Z",3201.24
"2019-07-14T01:00:42.831Z",3195.79
"2019-07-14T04:58:57.146Z",3194.75
"2019-07-14T07:39:35.791Z",3192.98
"2019-07-14T08:00:49.191Z",3191.94
"2019-07-14T08:05:39.172Z",3188.37
"2019-07-14T09:03:04.416Z",3186.95
"2019-07-14T09:08:39.604Z",3179.01
"2019-07-14T09:41:34.757Z",3174.93
"2019-07-14T09:50:16.276Z",3144.75
"2019-07-14T09:54:03.276Z",3077.52
"2019-07-14T13:00:07.617Z",2987.53
"2019-07-14T20:53:08.939Z",2948.58
"2019-07-14T23:00:47.441Z",2936.30
"2019-07-15T11:01:56.846Z",2788.09
"2019-07-15T12:18:34.492Z",2775.31
"2019-07-15T12:37:20.138Z",2764.10
"2019-07-15T12:43:52.791Z",2753.01
"2019-07-15T12:56:26.492Z",2741.47
"2019-07-15T13:03:37.851Z",2725.93
"2019-07-15T13:59:33.462Z",2742.62
"2019-07-15T14:04:48.969Z",2754.18
"2019-07-15T14:32:45.968Z",2765.72
"2019-07-15T15:46:16.113Z",2780.68
"2019-07-15T16:23:32.271Z",2808.62
"2019-07-15T17:03:54.869Z",2840.47
"2019-07-15T17:49:23.466Z",2823.42
"2019-07-15T19:29:37.385Z",2791.06
"2019-07-16T07:30:54.676Z",2729.55
"2019-07-16T13:45:56.254Z",2629.98
"2019-07-16T17:01:12.977Z",2453.19
"2019-07-16T20:25:36.332Z",2650.82
"2019-07-16T20:44:37.924Z",2432.19
"2019-07-16T23:04:28.815Z",2303.53
"2019-07-17T11:48:48.432Z",2222.94
"2019-07-17T14:28:03.788Z",2310.10
"2019-07-17T15:29:34.984Z",2427.12
"2019-07-18T12:17:01.387Z",2365.00
"2019-07-18T14:37:02.057Z",2461.59
"2019-07-18T21:36:14.974Z",2564.76
"2019-07-19T00:31:47.120Z",2489.57
"2019-07-19T22:06:24.089Z",2578.54
"2019-07-20T04:42:25.470Z",2671.90
"2019-07-22T14:42:20.995Z",2637.86
"2019-07-22T14:52:37.770Z",2569.50
"2019-07-23T07:40:23.870Z",2532.94
"2019-07-23T12:42:40.609Z",2479.62
"2019-07-23T18:13:13.557Z",2529.73
"2019-07-23T21:40:22.170Z",2575.55
"2019-07-23T23:17:37.936Z",2542.64
"2019-07-24T00:08:53.199Z",2497.15
"2019-07-24T21:00:58.711Z",2522.76
"2019-07-25T04:03:26.605Z",2556.09
"2019-07-25T12:08:24.447Z",2591.03
"2019-07-25T15:09:57.098Z",2634.42
"2019-07-25T19:24:48.959Z",2694.97
"2019-07-25T20:01:23.289Z",2631.42
"2019-07-26T00:21:54.623Z",2593.31
"2019-07-26T16:40:35.331Z",2623.25
"2019-07-27T00:12:53.932Z",2671.82
"2019-07-27T10:23:53.543Z",2639.58
"2019-07-27T10:25:19.862Z",2580.95
"2019-07-28T20:09:23.497Z",2542.76
"2019-07-28T21:17:43.780Z",2518.22
"2019-07-28T22:01:21.267Z",2476.67
"2019-07-29T15:52:05.513Z",2450.80
"2019-07-29T16:02:20.114Z",2411.40
"2019-07-29T16:05:55.179Z",2434.80
"2019-07-30T15:16:03.115Z",2455.70
"2019-07-31T12:55:51.800Z",2488.40
"2019-07-31T15:44:34.520Z",2517.40
"2019-07-31T16:54:47.116Z",2494.30
"2019-07-31T23:53:21.777Z",2514.00
"2019-08-01T05:12:30.412Z",2479.70
"2019-08-01T20:36:01.645Z",2502.10
"2019-08-02T01:23:59.348Z",2531.10
"2019-08-02T14:19:21.835Z",2504.80
"2019-08-02T16:21:02.565Z",2485.50
"2019-08-04T04:16:27.100Z",2458.80
"2019-08-04T04:21:24.114Z",2460.40
"2019-08-04T11:32:59.281Z",2448.80
"2019-08-05T01:46:14.686Z",2496.30
"2019-08-05T02:38:21.923Z",2499.90
"2019-08-05T04:48:18.361Z",2500.40
"2019-08-05T04:49:20.238Z",2480.60
"2019-08-05T07:58:48.486Z",2508.90
"2019-08-05T08:45:45.019Z",2508.80
"2019-08-05T08:50:37.560Z",2506.20
"2019-08-05T10:08:02.468Z",2526.00
"2019-08-05T12:30:17.633Z",2563.30
"2019-08-05T17:10:10.171Z",2565.30
"2019-08-05T17:34:04.610Z",2518.50
"2019-08-05T22:25:28.982Z",2585.10
"2019-08-05T22:29:21.882Z",2581.80
"2019-08-05T23:31:30.773Z",2564.90
"2019-08-06T00:59:22.759Z",2535.40
"2019-08-06T02:57:46.833Z",2518.50
"2019-08-06T06:11:23.792Z",2520.90
"2019-08-06T06:19:58.388Z",2507.40
"2019-08-06T09:29:59.292Z",2531.00
"2019-08-06T10:31:55.290Z",2533.10
"2019-08-06T10:33:28.860Z",2497.00
"2019-08-06T10:49:29.301Z",2557.00
"2019-08-06T13:12:22.899Z",2459.90
"2019-08-06T19:31:12.432Z",2426.80
"2019-08-07T00:52:47.712Z",2463.10
"2019-08-07T02:53:09.354Z",2479.70
"2019-08-07T08:40:51.864Z",2486.30
"2019-08-07T12:53:41.874Z",2496.80
"2019-08-08T08:36:22.594Z",2449.20
"2019-08-08T19:50:35.749Z",2434.30
"2019-08-09T17:01:42.486Z",2409.00
"2019-08-10T11:33:02.043Z",2359.80
"2019-08-10T12:09:56.743Z",2331.70
"2019-08-11T07:15:53.246Z",2358.50
"2019-08-11T07:18:57.593Z",2432.30
"2019-08-11T16:57:26.815Z",2469.80
"2019-08-11T17:54:00.926Z",2511.10
"2019-08-12T01:35:16.512Z",2485.10
"2019-08-12T03:32:13.231Z",2460.60
"2019-08-12T05:36:04.562Z",2436.70
"2019-08-12T08:31:00.248Z",2411.70
"2019-08-13T03:54:45.649Z",2420.90
"2019-08-13T03:58:43.518Z",2451.00
"2019-08-13T09:40:39.213Z",2441.80
"2019-08-13T09:47:49.462Z",2437.40
"2019-08-13T10:34:55.124Z",2403.00
"2019-08-13T11:11:55.423Z",2416.50
"2019-08-13T13:04:08.456Z",2407.80
"2019-08-13T13:19:47.209Z",2393.00
"2019-08-13T13:48:39.838Z",2410.90
"2019-08-13T14:02:26.571Z",2386.80
"2019-08-13T15:05:02.061Z",2353.80
"2019-08-13T18:45:22.983Z",2375.00
"2019-08-14T07:24:27.847Z",2390.00
"2019-08-14T07:31:00.610Z",2371.90
"2019-08-14T10:51:59.934Z",2360.90
"2019-08-14T11:39:10.625Z",2346.00
"2019-08-14T17:16:47.846Z",2333.40
"2019-08-14T17:32:14.782Z",2277.70
"2019-08-14T21:00:42.363Z",2250.40
"2019-08-15T03:13:42.053Z",2227.00
"2019-08-15T03:53:31.122Z",2196.60
"2019-08-15T05:24:55.980Z",2165.50
"2019-08-15T08:10:04.036Z",2184.40
"2019-08-15T08:13:09.323Z",2241.10
"2019-08-15T12:36:31.668Z",2221.00
"2019-08-15T13:36:17.950Z",2195.70
"2019-08-15T15:41:17.941Z",2216.80
"2019-08-15T20:34:02.441Z",2232.00
"2019-08-15T22:56:12.893Z",2217.80
"2019-08-16T03:28:05.212Z",2203.00
"2019-08-16T04:47:35.785Z",2181.70
"2019-08-16T05:36:54.036Z",2151.50
"2019-08-16T08:36:56.807Z",2169.20
"2019-08-16T15:41:18.954Z",2181.70
"2019-08-16T17:09:01.501Z",2196.50
"2019-08-16T20:00:16.956Z",2204.70
"2019-08-16T20:28:09.377Z",2195.00
"2019-08-16T22:31:29.320Z",2187.70
"2019-08-17T00:37:59.623Z",2180.50
"2019-08-17T03:34:41.293Z",2173.30
"2019-08-17T17:19:46.305Z",2164.40
"2019-08-17T18:01:52.175Z",2147.90
"2019-08-18T06:50:29.830Z",2156.90
"2019-08-18T08:18:33.171Z",2164.60
"2019-08-18T09:29:16.433Z",2174.40
"2019-08-18T10:12:50.850Z",2190.50
"2019-08-18T10:59:15.823Z",2217.80
"2019-08-18T13:40:41.336Z",2237.60
"2019-08-18T15:43:06.297Z",2227.20
"2019-08-18T18:02:19.093Z",2237.80
"2019-08-18T22:42:10.818Z",2227.80
"2019-08-18T23:15:47.579Z",2237.90
"2019-08-19T00:31:06.201Z",2226.80
"2019-08-19T03:23:25.775Z",2238.70
"2019-08-19T04:41:06.046Z",2225.30
"2019-08-19T05:43:43.154Z",2211.50
"2019-08-19T07:06:46.998Z",2223.50
"2019-08-19T08:28:53.379Z",2234.70
"2019-08-19T10:42:58.669Z",2239.90
"2019-08-19T11:50:40.355Z",2247.60
"2019-08-19T16:03:01.828Z",2256.80
"2019-08-19T18:50:32.013Z",2246.10
"2019-08-19T23:00:12.678Z",2252.80
"2019-08-19T23:10:57.543Z",2264.20
"2019-08-20T03:30:31.412Z",2257.50
"2019-08-20T03:40:51.717Z",2246.30
"2019-08-20T06:03:05.418Z",2241.80
"2019-08-20T08:47:30.548Z",2239.50
"2019-08-20T08:49:20.190Z",2218.20
"2019-08-20T09:09:13.076Z",2212.00
"2019-08-20T11:00:25.144Z",2218.00
"2019-08-20T17:31:25.695Z",2212.50
"2019-08-20T18:07:17.933Z",2207.30
"2019-08-20T20:15:40.947Z",2202.00
"2019-08-21T00:36:04.856Z",2200.70
"2019-08-21T00:41:36.416Z",2197.40
"2019-08-21T02:02:33.556Z",2190.00
"2019-08-21T02:39:31.622Z",2183.00
"2019-08-21T03:34:55.637Z",2158.50
"2019-08-21T08:02:07.053Z",2131.90
"2019-08-21T09:26:08.419Z",2108.70
"2019-08-21T09:40:02.848Z",2116.10
"2019-08-21T09:41:27.262Z",2130.40
"2019-08-21T10:13:36.136Z",2120.00
"2019-08-21T10:40:16.870Z",2100.20
"2019-08-21T12:36:23.286Z",2083.00
"2019-08-21T13:26:38.240Z",2060.20
"2019-08-21T16:41:03.901Z",2070.90
"2019-08-21T18:00:20.150Z",2083.50
"2019-08-21T19:08:50.679Z",2097.50
"2019-08-22T01:47:32.144Z",2088.00
"2019-08-22T04:18:26.484Z",2091.00
"2019-08-22T04:32:22.617Z",2093.40
"2019-08-22T10:00:18.850Z",2093.70
"2019-08-22T10:02:58.507Z",2101.60
"2019-08-22T18:01:31.462Z",2109.70
"2019-08-23T06:25:54.520Z",2118.70
"2019-08-23T06:30:24.107Z",2145.80
"2019-08-23T06:33:39.081Z",2173.10
"2019-08-23T06:36:10.410Z",2205.20
"2019-08-23T09:40:45.655Z",2220.10
"2019-08-23T09:44:30.677Z",2212.40
"2019-08-23T10:53:52.660Z",2204.80
"2019-08-23T11:48:05.649Z",2193.70
"2019-08-23T13:51:42.291Z",2201.50
"2019-08-23T15:43:13.787Z",2192.50
"2019-08-23T18:20:52.379Z",2190.90
"2019-08-23T18:40:28.600Z",2188.70
"2019-08-23T20:36:21.801Z",2187.80
"2019-08-23T20:37:54.090Z",2183.60
"2019-08-23T20:40:47.991Z",2178.60
"2019-08-24T02:51:55.451Z",2163.30
"2019-08-24T08:19:05.491Z",2137.50
"2019-08-24T09:53:10.671Z",2114.10
"2019-08-24T13:49:14.551Z",2123.90
"2019-08-24T16:23:06.398Z",2127.10
"2019-08-24T17:03:31.868Z",2137.00
"2019-08-25T00:20:13.775Z",2138.80
"2019-08-25T07:00:12.758Z",2144.50
"2019-08-25T07:26:46.347Z",2149.60
"2019-08-25T07:31:37.197Z",2166.50
"2019-08-25T13:08:19.709Z",2160.00
"2019-08-25T13:15:43.888Z",2154.40
"2019-08-25T13:26:29.190Z",2151.80
"2019-08-25T14:35:06.201Z",2146.50
"2019-08-25T19:39:39.563Z",2145.80
"2019-08-25T20:23:53.447Z",2143.10
"2019-08-25T21:36:50.166Z",2131.40
"2019-08-26T00:15:21.402Z",2135.70
"2019-08-26T00:17:47.607Z",2147.50
"2019-08-26T03:55:13.244Z",2143.80
"2019-08-26T06:18:22.382Z",2142.50
"2019-08-26T06:47:20.793Z",2136.30
"2019-08-26T12:00:23.395Z",2140.80
"2019-08-26T13:16:28.600Z",2138.50
"2019-08-26T14:09:41.847Z",2137.50
"2019-08-26T20:16:41.185Z",2137.00
"2019-08-26T20:22:30.869Z",2135.30
"2019-08-26T21:12:24.654Z",2131.50
"2019-08-27T02:32:25.533Z",2130.50
"2019-08-27T02:47:02.450Z",2127.50
"2019-08-27T03:02:03.767Z",2122.20
"2019-08-27T07:58:38.401Z",2121.30
"2019-08-27T08:04:08.879Z",2118.40
"2019-08-27T11:20:46.731Z",2112.30
"2019-08-27T12:01:13.197Z",2106.40
"2019-08-27T15:58:16.644Z",2109.80
"2019-08-27T16:05:00.363Z",2112.10
"2019-08-27T17:00:39.454Z",2127.00
"2019-08-27T19:36:09.298Z",2127.80
"2019-08-27T19:40:01.314Z",2125.50
"2019-08-27T20:00:29.648Z",2123.30
"2019-08-27T21:15:03.429Z",2120.50
"2019-08-28T00:46:21.839Z",2119.20
"2019-08-28T01:56:53.803Z",2117.30
"2019-08-28T03:26:02.778Z",2112.50
"2019-08-28T04:37:08.766Z",2105.70
"2019-08-28T06:16:09.810Z",2110.30
"2019-08-28T07:55:35.756Z",2101.30
"2019-08-28T10:05:03.227Z",2092.30
"2019-08-28T12:58:45.115Z",2099.40
"2019-08-28T13:13:11.197Z",2113.40
"2019-08-28T13:35:15.209Z",2108.70
"2019-08-28T13:53:48.733Z",2099.50
"2019-08-28T18:00:52.326Z",2094.50
"2019-08-28T18:06:43.781Z",2077.80
"2019-08-28T19:18:16.237Z",2038.40
"2019-08-28T19:57:29.784Z",2045.70
"2019-08-28T20:55:25.952Z",2014.30
"2019-08-28T23:25:39.906Z",2000.30
"2019-08-29T01:42:24.409Z",1987.20
"2019-08-29T02:44:21.641Z",1956.00
"2019-08-30T12:19:55.090Z",1963.40
"2019-08-30T12:22:27.435Z",1990.70
"2019-08-30T12:22:38.494Z",1956.10
"2019-08-30T12:24:54.236Z",1934.70
"2019-08-30T13:07:25.688Z",1945.70
"2019-08-30T17:48:24.135Z",1933.60
"2019-08-30T19:49:10.581Z",1923.20
"2019-08-30T23:01:07.592Z",1912.90
"2019-08-31T08:00:01.223Z",1921.10
"2019-08-31T08:05:23.662Z",1913.00
"2019-08-31T13:27:36.453Z",1904.10
"2019-08-31T13:30:07.682Z",1912.20
"2019-08-31T13:42:43.728Z",1899.20
"2019-08-31T17:04:59.604Z",1907.40
"2019-08-31T18:35:08.217Z",1899.00
"2019-09-01T06:36:06.649Z",1892.20
"2019-09-01T08:32:07.134Z",1882.30
"2019-09-01T21:58:05.519Z",1891.90
"2019-09-02T06:55:19.396Z",1898.60
"2019-09-02T07:42:22.765Z",1913.10
"2019-09-02T09:49:12.017Z",1905.20
"2019-09-02T11:32:44.997Z",1897.40
"2019-09-02T14:23:52.162Z",1904.70
"2019-09-02T17:02:27.835Z",1910.50
"2019-09-02T17:20:01.034Z",1924.60
"2019-09-02T20:01:27.217Z",1938.00
"2019-09-02T21:34:13.834Z",1958.00
"2019-09-02T23:26:11.737Z",1949.70
"2019-09-03T01:23:16.939Z",1942.10
"2019-09-03T01:30:06.227Z",1917.00
"2019-09-03T06:27:15.415Z",1925.80
"2019-09-03T12:54:16.786Z",1929.70
"2019-09-03T12:57:33.207Z",1943.30
"2019-09-03T14:46:54.092Z",1959.00
"2019-09-03T15:33:55.808Z",1954.60
"2019-09-03T23:00:47.572Z",1958.90
"2019-09-03T23:36:54.430Z",1954.60
"2019-09-04T00:57:22.700Z",1949.20
"2019-09-04T01:29:24.735Z",1935.20
"2019-09-04T05:49:06.751Z",1931.70
"2019-09-04T06:07:39.332Z",1920.80
"2019-09-04T08:43:26.945Z",1909.40
"2019-09-04T11:27:09.215Z",1916.60
"2019-09-04T12:52:06.665Z",1924.30
"2019-09-04T13:31:53.483Z",1918.70
"2019-09-04T15:21:34.102Z",1911.20
"2019-09-04T16:28:01.713Z",1917.50
"2019-09-04T16:37:56.020Z",1922.30
"2019-09-04T20:35:42.546Z",1916.20
"2019-09-04T22:38:02.279Z",1911.40
"2019-09-04T23:25:44.073Z",1908.20
"2019-09-05T05:35:35.023Z",1913.20
"2019-09-05T10:12:10.680Z",1911.40
"2019-09-05T10:14:09.564Z",1904.90
"2019-09-05T12:04:34.693Z",1904.30
"2019-09-05T12:57:47.180Z",1902.40
"2019-09-05T15:50:58.225Z",1900.60
"2019-09-05T19:52:45.212Z",1898.40
"2019-09-05T19:55:06.986Z",1894.80
"2019-09-06T00:18:37.393Z",1892.20
"2019-09-06T00:48:23.992Z",1885.20
"2019-09-06T02:41:29.059Z",1872.70
"2019-09-06T03:16:19.813Z",1876.80
"2019-09-06T03:17:35.399Z",1894.70
"2019-09-06T07:25:03.712Z",1896.20
"2019-09-06T07:57:32.567Z",1900.90
"2019-09-06T11:21:31.529Z",1909.00
"2019-09-06T11:50:05.207Z",1924.70
"2019-09-06T17:20:50.125Z",1918.90
"2019-09-06T17:40:38.282Z",1903.10
"2019-09-07T14:23:11.839Z",1908.70
"2019-09-07T15:14:55.071Z",1920.40
"2019-09-07T17:07:29.252Z",1938.20
"2019-09-07T19:12:10.665Z",1955.60
"2019-09-08T00:34:12.337Z",1961.50
"2019-09-08T00:35:31.480Z",1986.30
"2019-09-08T03:40:03.227Z",2011.40
"2019-09-08T08:46:51.266Z",2021.00
"2019-09-08T11:06:29.065Z",2012.50
"2019-09-08T16:07:41.419Z",2023.40
"2019-09-08T22:51:30.832Z",2030.30
"2019-09-09T00:14:42.082Z",2041.50
"2019-09-09T00:28:07.502Z",2072.40
"2019-09-09T04:23:25.643Z",2061.10
"2019-09-09T07:31:29.299Z",2051.60
"2019-09-09T08:11:42.728Z",2037.60
"2019-09-09T11:07:07.301Z",2045.50
"2019-09-09T13:52:44.298Z",2036.90
"2019-09-09T16:00:20.900Z",2029.90
"2019-09-09T16:08:50.405Z",2007.40
"2019-09-10T00:00:02.714Z",2017.10
"2019-09-10T14:15:59.562Z",2010.10
"2019-09-10T17:24:40.248Z",1996.30
"2019-09-10T19:36:25.495Z",1987.50
"2019-09-10T19:38:52.270Z",1965.00
"2019-09-11T02:30:27.753Z",1975.00
"2019-09-11T05:00:40.664Z",1987.70
"2019-09-11T06:48:13.365Z",1977.60
"2019-09-11T10:37:53.053Z",1985.80
"2019-09-11T13:01:20.066Z",1991.50
"2019-09-11T14:16:47.397Z",2003.00
"2019-09-11T14:41:06.005Z",1993.40
"2019-09-11T18:21:54.205Z",1956.10
"2019-09-12T06:23:18.574Z",1941.70
"2019-09-12T12:10:17.265Z",1956.20
"2019-09-12T13:44:34.311Z",1975.30
"2019-09-12T17:58:48.047Z",1997.90
"2019-09-12T19:01:10.550Z",2049.10
"2019-09-12T20:26:05.605Z",2012.70
"2019-09-13T07:55:57.814Z",2028.10
"2019-09-13T10:48:18.493Z",2071.90
"2019-09-13T12:31:04.058Z",2127.30
"2019-09-13T23:11:30.158Z",2149.70
"2019-09-14T08:37:47.719Z",2173.50
"2019-09-14T10:05:31.331Z",2147.70
"2019-09-14T12:59:55.857Z",2126.00
"2019-09-14T20:00:58.471Z",2145.80
"2019-09-15T07:11:08.174Z",2132.20
"2019-09-15T08:04:47.516Z",2095.80
"2019-09-16T06:11:46.058Z",2108.80
"2019-09-16T09:27:45.692Z",2122.40
"2019-09-16T12:21:29.375Z",2108.60
"2019-09-16T16:59:18.199Z",2124.20
"2019-09-16T17:17:55.966Z",2109.40
"2019-09-16T21:01:58.434Z",2123.00
"2019-09-16T22:18:12.337Z",2154.10
"2019-09-17T07:54:06.035Z",2174.40
"2019-09-17T10:23:10.940Z",2213.30
"2019-09-17T10:51:39.574Z",2168.90
"2019-09-17T15:01:47.492Z",2191.90
"2019-09-17T16:43:18.998Z",2210.80
"2019-09-17T16:57:34.029Z",2271.60
"2019-09-17T18:42:18.709Z",2244.30
"2019-09-17T23:59:51.382Z",2224.00
"2019-09-18T00:02:43.542Z",2246.60
"2019-09-18T07:41:08.756Z",2272.00
"2019-09-18T09:36:35.612Z",2246.00
"2019-09-18T14:12:26.537Z",2272.30
"2019-09-18T19:25:13.381Z",2295.80
"2019-09-19T01:43:49.211Z",2277.80
"2019-09-19T03:03:43.580Z",2239.00
"2019-09-19T08:11:48.447Z",2190.50
"2019-09-19T11:16:25.003Z",2220.50
"2019-09-19T12:28:16.657Z",2288.80
"2019-09-19T16:13:42.283Z",2374.30
"2019-09-19T17:41:51.056Z",2337.20
"2019-09-20T06:16:04.260Z",2302.60
"2019-09-20T17:02:20.853Z",2279.90
"2019-09-21T06:25:45.111Z",2261.60
"2019-09-21T12:45:22.603Z",2244.00
"2019-09-21T17:53:23.723Z",2223.70
"2019-09-22T00:29:12.896Z",2206.00
"2019-09-22T14:19:33.137Z",2189.80
"2019-09-22T18:40:27.645Z",2176.80
"2019-09-23T00:09:31.182Z",2164.40
"2019-09-23T04:21:54.634Z",2149.00
"2019-09-23T09:13:28.269Z",2133.40
"2019-09-23T14:25:00.208Z",2117.40
"2019-09-23T17:08:37.005Z",2129.90
"2019-09-23T19:58:40.210Z",2113.70
"2019-09-24T00:15:11.086Z",2064.30
"2019-09-24T06:56:23.578Z",2080.10
"2019-09-24T13:13:41.459Z",2066.30
"2019-09-24T17:26:02.429Z",1961.80
"2019-09-24T22:04:43.191Z",1768.10
"2019-09-25T00:54:10.061Z",1799.80
"2019-09-25T05:05:43.496Z",1747.00
"2019-09-25T09:20:56.523Z",1690.00
"2019-09-25T20:33:27.552Z",1716.00
"2019-09-25T20:54:10.690Z",1790.30
"2019-09-26T05:54:48.211Z",1736.00
"2019-09-26T13:31:00.107Z",1716.80
"2019-09-26T18:04:23.493Z",1611.60
"2019-09-26T23:02:18.571Z",1638.50
"2019-09-27T11:15:38.165Z",1624.60
"2019-09-27T14:11:13.690Z",1638.00
"2019-09-27T15:24:14.685Z",1624.30
"2019-09-27T16:38:12.900Z",1638.40
"2019-09-27T18:06:29.621Z",1651.50
"2019-09-27T19:41:33.300Z",1665.50
"2019-09-27T21:19:36.902Z",1682.10
"2019-09-27T22:27:24.287Z",1699.20
"2019-09-28T15:06:04.834Z",1684.20
"2019-09-28T22:44:19.203Z",1697.60
"2019-09-29T03:57:25.694Z",1684.20
"2019-09-29T06:05:59.391Z",1671.10
"2019-09-29T09:52:49.232Z",1657.70
"2019-09-29T10:46:53.088Z",1651.30
"2019-09-29T12:22:15.318Z",1643.50
"2019-09-29T13:27:05.539Z",1637.10
"2019-09-29T17:18:21.461Z",1641.70
"2019-09-29T18:46:46.419Z",1635.30
"2019-09-29T19:31:04.190Z",1622.00
"2019-09-29T22:12:00.806Z",1627.70
"2019-09-29T22:30:06.281Z",1639.30
"2019-09-29T23:02:28.347Z",1651.40
"2019-09-30T01:08:29.949Z",1643.90
"2019-09-30T04:06:29.668Z",1639.40
"2019-09-30T04:49:13.452Z",1601.30
"2019-09-30T06:40:58.312Z",1599.40
"2019-09-30T09:29:34.040Z",1602.60
"2019-09-30T09:43:04.784Z",1607.20
"2019-09-30T09:49:03.174Z",1615.70
"2019-09-30T09:52:11.191Z",1628.10
"2019-09-30T11:21:08.676Z",1642.40
"2019-09-30T11:25:02.702Z",1664.00
"2019-09-30T13:31:42.612Z",1667.10
"2019-09-30T14:46:40.584Z",1673.10
"2019-09-30T14:53:36.573Z",1682.30
"2019-09-30T15:02:27.141Z",1699.10
"2019-09-30T20:06:46.802Z",1692.60
"2019-09-30T20:16:14.291Z",1678.10
"2019-09-30T23:44:19.847Z",1685.80
"2019-10-01T01:44:30.967Z",1691.00
"2019-10-01T02:00:56.152Z",1704.60
"2019-10-01T02:29:39.894Z",1719.60
"2019-10-01T03:41:02.454Z",1725.80
"2019-10-01T06:06:00.888Z",1719.30
"2019-10-01T06:07:29.806Z",1706.40
"2019-10-01T12:16:43.268Z",1710.70
"2019-10-01T12:47:10.216Z",1705.80
"2019-10-01T14:10:16.074Z",1704.70
"2019-10-01T14:32:34.952Z",1701.50
"2019-10-01T15:00:13.167Z",1698.40
"2019-10-01T16:16:16.678Z",1695.40
"2019-10-01T17:13:52.543Z",1692.40
"2019-10-01T17:40:47.713Z",1681.70
"2019-10-01T17:59:31.785Z",1664.30
"2019-10-01T19:23:37.392Z",1657.50
"2019-10-01T20:54:17.798Z",1664.80
"2019-10-01T21:09:19.772Z",1676.40
"2019-10-01T22:04:29.293Z",1669.60
"2019-10-01T23:36:20.476Z",1664.60
"2019-10-02T03:09:38.917Z",1659.40
"2019-10-02T05:35:39.645Z",1654.00
"2019-10-02T07:47:08.253Z",1659.60
"2019-10-02T09:37:02.559Z",1663.10
"2019-10-02T12:02:41.644Z",1666.60
"2019-10-02T17:21:43.500Z",1669.10
"2019-10-02T20:14:10.373Z",1665.90
"2019-10-02T20:33:53.410Z",1661.70
"2019-10-02T23:16:02.214Z",1664.60
"2019-10-02T23:53:06.638Z",1666.50
"2019-10-03T00:01:20.775Z",1673.30
"2019-10-03T00:02:56.142Z",1682.60
"2019-10-03T01:25:37.293Z",1679.80
"2019-10-03T06:03:41.728Z",1678.50
"2019-10-03T06:55:35.140Z",1677.00
"2019-10-03T07:07:35.953Z",1673.70
"2019-10-03T09:32:34.989Z",1672.20
"2019-10-03T10:28:14.773Z",1670.60
"2019-10-03T10:45:32.546Z",1666.50
"2019-10-03T10:50:10.480Z",1659.30
"2019-10-03T11:37:02.356Z",1651.60
"2019-10-03T12:51:18.477Z",1654.90
"2019-10-03T12:59:37.065Z",1650.40
"2019-10-03T14:02:21.000Z",1648.30
"2019-10-03T14:17:39.807Z",1644.60
"2019-10-03T14:22:14.473Z",1637.90
"2019-10-03T15:46:27.998Z",1627.50
"2019-10-03T16:43:34.439Z",1631.40
"2019-10-03T17:51:51.872Z",1633.70
"2019-10-03T20:00:00.331Z",1631.30
"2019-10-03T20:01:14.741Z",1633.90
"2019-10-03T20:53:07.232Z",1631.10
"2019-10-03T21:15:56.963Z",1630.10
"2019-10-03T23:11:18.165Z",1632.70
"2019-10-03T23:15:36.057Z",1638.20
"2019-10-04T00:37:57.608Z",1635.20
"2019-10-04T00:58:36.754Z",1629.90
"2019-10-04T05:02:03.752Z",1628.70
"2019-10-04T07:42:03.955Z",1627.80
"2019-10-04T08:39:07.508Z",1626.50
"2019-10-04T13:32:24.269Z",1629.60
"2019-10-04T13:54:46.370Z",1633.60
"2019-10-04T14:07:08.570Z",1639.80
"2019-10-04T15:57:54.573Z",1644.60
"2019-10-04T18:30:19.373Z",1652.20
"2019-10-04T20:04:08.571Z",1655.60
"2019-10-05T01:52:07.131Z",1651.90
"2019-10-05T02:02:24.299Z",1646.60
"2019-10-05T09:00:29.454Z",1649.60
"2019-10-05T12:55:25.720Z",1646.50
"2019-10-05T13:25:13.690Z",1643.40
"2019-10-05T13:33:51.696Z",1637.90
"2019-10-05T16:32:06.803Z",1635.40
"2019-10-05T21:25:28.221Z",1637.30
"2019-10-05T21:29:00.323Z",1642.20
"2019-10-05T21:39:19.352Z",1643.50
"2019-10-05T21:45:46.142Z",1646.60
"2019-10-06T04:47:20.332Z",1648.80
"2019-10-06T05:41:32.687Z",1651.90
"2019-10-06T06:03:23.647Z",1659.40
"2019-10-06T08:58:25.548Z",1651.80
"2019-10-06T11:30:16.334Z",1655.40
"2019-10-06T12:02:36.294Z",1666.60
"2019-10-06T12:45:47.716Z",1661.80
"2019-10-06T14:05:25.492Z",1659.80
"2019-10-06T14:07:17.354Z",1643.10
"2019-10-06T14:46:13.969Z",1645.90
"2019-10-06T15:07:24.933Z",1647.60
"2019-10-06T15:15:12.061Z",1652.10
"2019-10-06T15:23:28.538Z",1658.80
"2019-10-06T16:06:57.900Z",1657.10
"2019-10-06T18:16:46.258Z",1656.40
"2019-10-06T18:23:35.722Z",1652.60
"2019-10-06T18:28:45.251Z",1648.50
"2019-10-06T18:37:49.605Z",1643.40
"2019-10-06T18:39:09.327Z",1635.60
"2019-10-06T18:41:27.745Z",1624.50
"2019-10-06T20:14:58.519Z",1628.30
"2019-10-06T20:20:20.111Z",1635.80
"2019-10-06T21:06:29.076Z",1639.80
"2019-10-07T02:12:19.545Z",1636.70
"2019-10-07T02:19:46.528Z",1632.90
"2019-10-07T06:06:23.726Z",1634.60
"2019-10-07T08:04:26.071Z",1635.20
"2019-10-07T08:12:36.055Z",1641.20
"2019-10-07T08:17:19.673Z",1647.10
"2019-10-07T10:06:17.003Z",1648.50
"2019-10-07T10:11:43.744Z",1652.50
"2019-10-07T10:21:42.112Z",1660.30
"2019-10-07T12:10:08.038Z",1666.80
"2019-10-07T12:30:52.242Z",1672.40
"2019-10-07T13:05:14.794Z",1679.20
"2019-10-07T15:11:53.733Z",1682.40
"2019-10-07T16:47:37.109Z",1685.60
"2019-10-07T17:03:08.971Z",1694.20
"2019-10-07T19:00:02.191Z",1697.80
"2019-10-07T21:33:32.534Z",1693.80
"2019-10-07T21:51:55.117Z",1688.40
"2019-10-08T03:57:12.935Z",1691.30
"2019-10-08T04:01:12.219Z",1695.80
"2019-10-08T04:05:22.540Z",1703.20
"2019-10-08T05:01:02.645Z",1713.00
"2019-10-08T05:51:31.120Z",1716.30
"2019-10-08T06:54:46.186Z",1718.20
"2019-10-08T08:20:28.240Z",1714.70
"2019-10-08T08:38:54.259Z",1713.10
"2019-10-08T09:11:36.523Z",1711.70
"2019-10-08T12:30:50.297Z",1713.70
"2019-10-08T12:38:33.657Z",1716.90
"2019-10-08T12:58:05.202Z",1719.80
"2019-10-08T13:03:12.664Z",1724.10
"2019-10-08T15:28:41.241Z",1722.20
"2019-10-08T15:41:03.200Z",1717.60
"2019-10-08T15:44:01.553Z",1713.20
"2019-10-08T16:06:05.960Z",1709.70
"2019-10-08T17:00:41.066Z",1703.20
"2019-10-08T17:48:59.965Z",1696.80
"2019-10-08T18:20:57.671Z",1686.90
"2019-10-08T18:56:14.748Z",1671.40
"2019-10-08T22:32:49.102Z",1675.40
"2019-10-08T23:15:00.795Z",1667.20
"2019-10-09T00:00:49.392Z",1673.60
"2019-10-09T04:52:53.408Z",1667.40
"2019-10-09T07:47:27.141Z",1674.10
"2019-10-09T08:44:57.939Z",1678.40
"2019-10-09T13:54:08.980Z",1681.50
"2019-10-09T13:59:38.605Z",1690.50
"2019-10-09T14:19:41.638Z",1714.10
"2019-10-09T14:35:47.886Z",1720.60
"2019-10-09T15:25:48.258Z",1735.70
"2019-10-09T15:48:04.874Z",1728.60
"2019-10-09T19:38:42.333Z",1738.40
"2019-10-09T22:55:17.442Z",1743.40
"2019-10-10T01:12:51.200Z",1732.60
"2019-10-10T02:26:44.619Z",1724.90
"2019-10-10T08:40:25.732Z",1720.40
"2019-10-10T09:14:13.673Z",1707.80
"2019-10-10T10:01:17.530Z",1699.10
"2019-10-10T10:45:48.727Z",1688.30
"2019-10-10T12:34:56.734Z",1682.90
"2019-10-10T13:17:20.353Z",1674.00
"2019-10-10T14:56:30.998Z",1683.20
"2019-10-10T20:00:45.313Z",1691.80
"2019-10-10T22:33:58.969Z",1700.40
"2019-10-11T01:32:04.407Z",1708.90
"2019-10-11T04:45:10.368Z",1714.90
"2019-10-11T05:26:12.630Z",1707.60
"2019-10-11T05:30:25.240Z",1690.50
"2019-10-11T06:41:57.210Z",1678.00
"2019-10-11T08:06:23.502Z",1669.10
"2019-10-11T10:13:06.109Z",1679.60
"2019-10-11T16:10:46.980Z",1667.50
"2019-10-11T21:12:45.934Z",1653.80
"2019-10-11T23:35:13.330Z",1647.50
"2019-10-12T00:09:18.655Z",1637.60
"2019-10-12T14:49:30.215Z",1642.60
"2019-10-12T15:00:07.646Z",1651.60
"2019-10-12T15:30:30.637Z",1655.20
"2019-10-12T15:32:18.829Z",1689.70
"2019-10-12T15:36:33.850Z",1684.80
"2019-10-12T18:13:35.468Z",1676.80
"2019-10-12T22:55:59.201Z",1672.40
"2019-10-12T23:57:31.766Z",1664.80
"2019-10-13T16:22:54.992Z",1669.10
"2019-10-13T20:00:48.092Z",1672.30
"2019-10-13T20:11:41.566Z",1667.90
"2019-10-13T20:16:31.792Z",1659.10
"2019-10-13T21:32:52.051Z",1655.30
"2019-10-13T21:38:20.064Z",1646.10
"2019-10-14T02:24:02.623Z",1652.60
"2019-10-14T03:04:59.110Z",1660.70
"2019-10-14T15:36:13.697Z",1654.80
"2019-10-14T22:47:05.730Z",1660.90
"2019-10-15T01:00:33.267Z",1665.90
"2019-10-15T02:23:21.389Z",1671.50
"2019-10-15T07:42:10.880Z",1678.40
"2019-10-15T11:03:58.675Z",1681.60
"2019-10-15T11:59:03.610Z",1698.20
"2019-10-15T12:26:32.374Z",1708.00
"2019-10-15T15:31:39.331Z",1699.70
"2019-10-15T16:12:23.065Z",1691.80
"2019-10-15T16:15:13.138Z",1669.60
"2019-10-16T06:00:33.145Z",1676.00
"2019-10-16T06:23:53.332Z",1669.20
"2019-10-16T07:20:01.589Z",1658.60
"2019-10-16T08:11:29.452Z",1656.00
"2019-10-16T11:15:24.605Z",1658.50
"2019-10-16T12:25:05.815Z",1653.20
"2019-10-16T12:30:49.465Z",1641.80
"2019-10-16T12:34:57.981Z",1616.00
"2019-10-16T14:27:49.593Z",1609.30
"2019-10-16T14:57:19.156Z",1595.60
"2019-10-16T16:01:49.757Z",1589.10
"2019-10-16T17:40:51.769Z",1581.40
"2019-10-16T17:43:08.901Z",1590.50
"2019-10-16T17:55:06.736Z",1577.20
"2019-10-16T18:44:17.746Z",1570.30
"2019-10-17T07:19:46.475Z",1577.80
"2019-10-17T08:29:33.756Z",1587.30
"2019-10-17T08:54:15.708Z",1600.50
"2019-10-17T13:09:46.651Z",1592.00
"2019-10-17T16:17:23.389Z",1601.30
"2019-10-18T01:03:56.965Z",1592.00
"2019-10-18T05:26:11.600Z",1587.20
"2019-10-18T05:33:42.216Z",1574.50
"2019-10-18T08:09:20.421Z",1567.80
"2019-10-18T08:50:54.574Z",1561.70
"2019-10-18T12:20:40.079Z",1566.30
"2019-10-18T22:03:46.504Z",1570.90
"2019-10-19T07:19:57.441Z",1565.40
"2019-10-19T12:16:31.939Z",1561.40
"2019-10-19T12:57:10.150Z",1567.20
"2019-10-19T20:11:47.413Z",1559.70
"2019-10-19T21:19:00.068Z",1555.40
"2019-10-20T03:35:16.593Z",1552.20
"2019-10-20T06:46:08.484Z",1557.20
"2019-10-20T14:46:50.600Z",1559.80
"2019-10-20T15:49:16.359Z",1569.60
"2019-10-20T16:32:10.409Z",1572.90
"2019-10-20T17:15:35.625Z",1579.00
"2019-10-20T19:14:23.009Z",1585.30
"2019-10-20T20:02:44.849Z",1598.30
"2019-10-21T08:30:52.012Z",1592.80
"2019-10-21T13:10:36.417Z",1597.80
"2019-10-21T15:23:30.148Z",1592.40
"2019-10-21T15:33:28.185Z",1583.50
"2019-10-22T01:38:08.712Z",1579.10
"2019-10-22T04:43:01.430Z",1587.40
"2019-10-22T08:45:59.428Z",1589.70
"2019-10-22T09:02:51.385Z",1595.60
"2019-10-22T11:23:51.137Z",1599.30
"2019-10-22T12:58:21.458Z",1593.90
"2019-10-22T13:24:50.593Z",1584.30
"2019-10-22T14:26:50.850Z",1576.70
"2019-10-22T15:05:29.867Z",1570.90
"2019-10-22T20:02:58.392Z",1565.80
"2019-10-22T20:25:28.296Z",1555.70
"2019-10-23T03:34:22.248Z",1550.80
"2019-10-23T05:53:12.187Z",1542.20
"2019-10-23T12:08:55.627Z",1540.20
"2019-10-23T12:40:00.930Z",1533.30
"2019-10-23T12:41:32.025Z",1521.30
"2019-10-23T12:43:21.168Z",1502.70
"2019-10-23T12:45:19.803Z",1474.00
"2019-10-23T12:48:58.610Z",1478.90
"2019-10-23T13:27:10.217Z",1465.50
"2019-10-23T15:57:10.525Z",1463.40
"2019-10-23T16:02:28.554Z",1453.40
"2019-10-24T03:17:36.498Z",1446.40
"2019-10-24T04:05:08.505Z",1441.10
"2019-10-24T06:45:34.033Z",1438.40
"2019-10-24T14:06:40.013Z",1444.30
"2019-10-24T14:54:07.115Z",1455.20
"2019-10-24T17:00:53.364Z",1460.80
"2019-10-25T10:31:41.836Z",1464.10
"2019-10-25T10:45:26.539Z",1471.80
"2019-10-25T11:16:21.556Z",1482.60
"2019-10-25T12:51:47.480Z",1488.60
"2019-10-25T14:02:21.910Z",1493.80
"2019-10-25T15:40:17.385Z",1499.30
"2019-10-25T15:46:59.792Z",1514.70
"2019-10-25T15:48:29.134Z",1541.50
"2019-10-25T15:51:45.521Z",1579.20
"2019-10-25T15:55:25.824Z",1571.10
"2019-10-25T16:52:33.523Z",1594.00
"2019-10-25T23:48:50.587Z",1612.10
"2019-10-26T00:31:17.219Z",1626.20
"2019-10-26T00:40:46.751Z",1664.10
"2019-10-26T01:45:01.445Z",1690.50
"2019-10-26T02:36:01.872Z",1669.70
"2019-10-26T03:18:21.302Z",1641.20
"2019-10-26T08:47:56.200Z",1612.50
"2019-10-26T09:26:04.113Z",1577.00
"2019-10-26T20:25:34.167Z",1591.80
"2019-10-26T22:19:21.249Z",1608.50
"2019-10-27T00:05:01.669Z",1629.20
"2019-10-27T03:53:53.694Z",1610.90
"2019-10-27T14:44:00.433Z",1628.80
"2019-10-27T14:57:21.569Z",1667.80
"2019-10-27T16:10:00.673Z",1684.50
"2019-10-27T17:55:18.228Z",1701.70
"2019-10-27T20:56:18.172Z",1683.50
"2019-10-27T23:25:27.670Z",1666.10
"2019-10-28T00:59:36.458Z",1684.30
"2019-10-28T02:46:54.107Z",1701.10
"2019-10-28T03:01:44.882Z",1742.10
"2019-10-28T04:34:22.345Z",1723.70
"2019-10-28T06:33:18.455Z",1706.60
"2019-10-28T07:23:02.063Z",1687.10
"2019-10-28T23:39:35.013Z",1670.20
"2019-10-29T03:37:55.265Z",1653.20
"2019-10-29T05:19:17.349Z",1672.10
"2019-10-29T06:54:44.463Z",1689.40
"2019-10-29T08:07:31.607Z",1707.10
"2019-10-29T08:55:35.047Z",1724.70
"2019-10-29T13:32:41.224Z",1705.30
"2019-10-29T14:25:23.814Z",1683.60
"2019-10-29T19:43:30.316Z",1665.40
"2019-10-29T20:13:55.822Z",1685.50
"2019-10-30T03:35:05.516Z",1703.90
"2019-10-30T05:30:53.763Z",1684.70
"2019-10-30T08:54:04.269Z",1703.90
"2019-10-30T10:32:05.094Z",1684.70
"2019-10-30T11:24:19.813Z",1666.80
"2019-10-31T02:02:28.540Z",1649.40
"2019-10-31T09:49:22.833Z",1631.90
"2019-10-31T12:14:10.518Z",1651.40
"2019-11-01T09:52:13.349Z",1633.10
"2019-11-01T21:50:39.480Z",1650.00
"2019-11-02T17:55:31.277Z",1663.90
"2019-11-04T20:19:56.996Z",1682.30
"2019-11-05T14:31:52.140Z",1694.60
"2019-11-05T15:49:49.481Z",1683.60
"2019-11-05T19:55:57.302Z",1712.00
"2019-11-05T20:15:17.766Z",1701.00
"2019-11-06T07:06:28.817Z",1722.80
"2019-11-06T16:30:19.550Z",1705.40
"2019-11-07T00:56:45.093Z",1721.20
"2019-11-07T01:56:13.584Z",1710.40
"2019-11-07T02:25:45.864Z",1695.50
"2019-11-07T10:06:21.298Z",1686.40
"2019-11-07T10:20:05.072Z",1665.70
"2019-11-08T12:27:04.723Z",1649.40
"2019-11-08T13:15:07.249Z",1640.40
"2019-11-08T13:28:42.952Z",1618.60
"2019-11-08T14:47:07.658Z",1595.60
"2019-11-10T05:39:28.533Z",1622.90
"2019-11-10T16:18:23.789Z",1634.90
"2019-11-10T16:23:26.259Z",1622.90
"2019-11-10T16:24:45.105Z",1659.80
"2019-11-10T16:39:14.399Z",1640.80
"2019-11-10T20:36:30.096Z",1655.40
"2019-11-11T02:45:35.864Z",1666.30
"2019-11-11T06:25:54.142Z",1650.00
"2019-11-11T09:04:24.824Z",1637.70
"2019-11-12T14:00:17.908Z",1627.00
"2019-11-13T07:05:22.459Z",1638.20
"2019-11-14T06:56:07.404Z",1629.00
"2019-11-14T08:03:46.677Z",1621.40
"2019-11-14T11:14:05.784Z",1608.10
"2019-11-15T01:59:13.652Z",1600.40
"2019-11-15T09:02:14.617Z",1607.70
"2019-11-15T09:26:40.660Z",1618.80
"2019-11-15T14:19:28.067Z",1609.60
"2019-11-15T14:29:48.814Z",1594.30
"2019-11-15T14:32:30.077Z",1568.10
"2019-11-16T20:16:24.037Z",1585.20
"2019-11-17T08:01:15.917Z",1577.70
"2019-11-18T11:18:56.776Z",1572.90
"2019-11-18T12:02:10.897Z",1559.60
"2019-11-18T12:42:38.512Z",1553.70
"2019-11-18T18:18:36.659Z",1544.60
"2019-11-18T18:27:26.494Z",1531.20
"2019-11-18T18:29:23.507Z",1508.00
"2019-11-18T19:05:23.558Z",1516.50
"2019-11-19T10:54:09.018Z",1499.70
"2019-11-19T11:50:05.283Z",1483.10
"2019-11-19T12:58:24.914Z",1476.90
"2019-11-20T13:40:22.694Z",1501.70
"2019-11-21T06:41:13.927Z",1474.10
"2019-11-21T08:41:46.209Z",1465.10
"2019-11-21T10:55:51.509Z",1429.30
"2019-11-21T15:01:53.057Z",1421.80
"2019-11-21T15:04:55.545Z",1398.20
"2019-11-21T15:23:49.441Z",1418.70
"2019-11-22T06:34:23.541Z",1386.60
"2019-11-22T08:05:37.000Z",1406.60
"2019-11-22T09:11:41.846Z",1383.80
"2019-11-22T10:05:04.473Z",1361.80
"2019-11-22T10:15:58.516Z",1338.80
"2019-11-22T12:21:06.289Z",1320.90
"2019-11-22T13:33:40.410Z",1311.90
"2019-11-22T14:14:05.003Z",1299.60
"2019-11-22T14:14:16.929Z",1322.40
"2019-11-22T14:35:14.673Z",1347.10
"2019-11-22T14:37:14.898Z",1313.00
"2019-11-22T15:45:36.593Z",1324.20
"2019-11-22T16:27:16.220Z",1341.90
"2019-11-22T16:34:32.608Z",1331.20
"2019-11-22T17:11:20.110Z",1319.10
"2019-11-22T19:56:16.532Z",1330.70
"2019-11-22T22:22:45.276Z",1319.90
"2019-11-22T23:06:57.545Z",1292.10
"2019-11-23T21:13:49.880Z",1281.10
"2019-11-24T14:31:24.597Z",1267.00
"2019-11-24T14:48:42.005Z",1242.30
"2019-11-24T15:00:06.746Z",1254.40
"2019-11-25T03:00:10.561Z",1242.30
"2019-11-25T05:26:48.934Z",1229.30
"2019-11-25T10:25:26.410Z",1213.60
"2019-11-25T11:17:26.591Z",1189.40
"2019-11-25T11:23:34.520Z",1209.20
"2019-11-25T12:02:38.933Z",1231.70
"2019-11-25T13:10:10.144Z",1250.30
"2019-11-25T13:46:57.542Z",1230.50
"2019-11-25T16:09:06.269Z",1251.00
"2019-11-25T17:57:18.608Z",1230.80
"2019-11-25T20:36:19.421Z",1211.80
"2019-11-25T23:05:51.413Z",1188.20
"2019-11-27T03:46:15.234Z",1168.30
"2019-11-27T09:17:58.284Z",1149.30
"2019-11-27T12:03:55.162Z",1174.50
"2019-11-27T16:32:24.508Z",1196.20
"2019-11-27T17:19:43.222Z",1218.70
"2019-11-28T07:31:55.727Z",1179.60
"2019-11-28T12:17:29.332Z",1200.50
"2019-11-28T15:49:46.297Z",1220.00
"2019-11-28T15:59:39.044Z",1271.40
"2019-11-28T16:15:02.714Z",1250.50
"2019-11-28T22:56:09.507Z",1230.20
"2019-11-29T02:55:39.807Z",1252.60
"2019-11-29T12:24:58.380Z",1273.10
"2019-11-29T13:45:28.924Z",1293.00
"2019-11-29T14:13:01.119Z",1330.70
"2019-11-29T15:01:28.067Z",1359.80
"2019-11-29T16:41:51.328Z",1338.30
"2019-11-30T09:48:43.741Z",1317.90
"2019-11-30T14:04:59.435Z",1297.40
"2019-12-01T01:08:53.990Z",1276.70
"2019-12-01T02:48:36.315Z",1249.30
"2019-12-02T05:39:49.597Z",1233.10
"2019-12-02T17:40:25.020Z",1214.40
"2019-12-03T10:02:01.701Z",1202.00
"2019-12-03T11:52:30.732Z",1189.60
"2019-12-03T15:32:03.121Z",1203.20
"2019-12-04T00:28:27.356Z",1188.40
"2019-12-04T05:23:51.320Z",1169.30
"2019-12-04T13:23:01.249Z",1181.80
"2019-12-04T20:54:38.568Z",1169.70
"2019-12-05T09:01:24.267Z",1180.80
"2019-12-05T13:36:11.508Z",1170.10
"2019-12-05T17:04:49.511Z",1159.30
"2019-12-05T18:59:50.442Z",1149.70
"2019-12-06T01:42:23.286Z",1160.90
"2019-12-06T09:43:36.705Z",1170.90
"2019-12-06T10:05:29.465Z",1186.10
"2019-12-06T10:17:15.358Z",1177.90
"2019-12-06T15:23:23.648Z",1187.30
"2019-12-06T16:06:49.493Z",1194.30
"2019-12-06T17:00:31.453Z",1207.70
"2019-12-06T18:48:03.572Z",1215.00
"2019-12-07T04:33:45.974Z",1223.80
"2019-12-07T07:18:26.649Z",1215.60
"2019-12-07T15:37:01.804Z",1207.70
"2019-12-07T22:59:53.559Z",1215.70
"2019-12-08T08:48:27.469Z",1207.70
"2019-12-09T01:42:05.384Z",1202.10
"2019-12-09T08:09:29.582Z",1196.40
"2019-12-09T12:58:08.614Z",1203.00
"2019-12-09T13:23:20.063Z",1219.70
"2019-12-09T15:54:46.419Z",1212.20
"2019-12-09T17:00:15.542Z",1206.40
"2019-12-09T17:03:00.658Z",1189.10
"2019-12-09T20:31:18.727Z",1183.30
"2019-12-10T00:26:33.221Z",1190.60
"2019-12-10T11:34:18.421Z",1181.90
"2019-12-10T15:42:43.999Z",1175.90
"2019-12-10T16:20:12.413Z",1164.50
"2019-12-10T18:00:34.397Z",1154.90
"2019-12-11T12:02:14.380Z",1165.70
"2019-12-11T15:43:21.029Z",1158.50
"2019-12-11T20:02:43.600Z",1152.60
"2019-12-12T00:37:55.314Z",1146.40
"2019-12-12T01:55:53.793Z",1133.10
"2019-12-12T10:03:16.377Z",1139.60
"2019-12-12T11:15:43.785Z",1145.80
"2019-12-12T12:45:36.985Z",1151.20
"2019-12-12T14:14:40.934Z",1159.70
"2019-12-13T20:37:47.529Z",1153.70
"2019-12-14T00:19:06.732Z",1165.10
"2019-12-14T01:54:08.156Z",1169.80
"2019-12-14T12:57:49.350Z",1162.70
"2019-12-14T15:51:50.937Z",1156.10
"2019-12-14T16:04:08.277Z",1143.40
"2019-12-15T04:23:45.312Z",1149.30
"2019-12-15T07:46:27.525Z",1154.10
"2019-12-15T10:01:29.214Z",1160.90
"2019-12-15T16:24:39.880Z",1150.20
"2019-12-15T18:11:30.674Z",1156.30
"2019-12-15T18:52:27.172Z",1163.30
"2019-12-15T20:40:16.941Z",1170.50
"2019-12-16T00:46:13.079Z",1164.30
"2019-12-16T07:48:37.612Z",1158.60
"2019-12-16T08:08:38.814Z",1148.20
"2019-12-16T11:16:53.404Z",1137.00
"2019-12-16T11:56:17.575Z",1143.00
"2019-12-16T16:54:55.381Z",1130.30
"2019-12-16T17:38:10.654Z",1125.70
"2019-12-16T18:28:37.235Z",1120.60
"2019-12-16T18:31:00.862Z",1105.60
"2019-12-16T18:41:34.605Z",1081.30
"2019-12-16T19:40:03.969Z",1056.70
"2019-12-16T20:39:05.030Z",1064.20
"2019-12-16T21:25:06.119Z",1070.80
"2019-12-16T21:40:00.443Z",1086.80
"2019-12-16T22:00:54.476Z",1116.10
"2019-12-16T22:11:16.606Z",1152.70
"2019-12-16T22:41:24.937Z",1204.00
"2019-12-17T03:41:01.193Z",1051.00
"2019-12-17T04:34:52.828Z",1072.20
"2019-12-17T11:59:15.678Z",1050.80
"2019-12-17T14:59:38.000Z",1010.10
"2019-12-17T20:52:14.000Z",970.90
"2019-12-17T23:57:55.284Z",992.60
"2019-12-18T12:53:26.224Z",949.00
"2019-12-18T15:01:09.099Z",985.30
"2019-12-18T16:01:43.592Z",1016.30
"2019-12-18T22:59:52.957Z",1041.10
"2019-12-19T00:45:06.189Z",1015.10
"2019-12-19T13:47:04.426Z",990.00
"2019-12-22T18:53:59.328Z",1016.00
"2019-12-23T21:09:24.113Z",998.40
"2019-12-24T07:01:19.170Z",982.50
"2019-12-24T23:47:23.890Z",964.00
"2019-12-25T00:55:58.479Z",950.40
"2019-12-25T20:06:28.589Z",957.60
"2019-12-25T21:29:45.972Z",962.40
"2019-12-25T23:28:53.038Z",956.70
"2019-12-26T00:47:58.043Z",950.10
"2019-12-26T06:34:49.428Z",928.00
"2019-12-26T07:34:53.244Z",921.70
"2019-12-26T08:48:06.166Z",915.40
"2019-12-26T11:32:36.912Z",904.50
"2019-12-26T15:50:35.390Z",910.60
"2019-12-26T16:25:24.002Z",917.90
"2019-12-26T19:00:15.308Z",923.10
"2019-12-26T19:28:25.304Z",933.60
"2019-12-26T20:42:53.696Z",927.40
"2019-12-26T22:06:30.745Z",910.30
"2019-12-27T02:11:01.010Z",923.20
"2019-12-27T03:38:28.084Z",916.30
"2019-12-27T09:35:18.435Z",904.40
"2019-12-27T11:32:18.206Z",897.20
"2019-12-27T15:50:25.889Z",903.60
"2019-12-27T16:01:11.237Z",897.20
"2019-12-27T16:24:48.706Z",906.10
"2019-12-27T20:41:17.279Z",911.60
"2019-12-28T05:35:19.201Z",918.70
"2019-12-28T06:05:13.413Z",932.70
"2019-12-28T06:23:49.520Z",951.60
"2019-12-28T14:10:24.061Z",957.90
"2019-12-28T14:42:01.676Z",968.10
"2019-12-28T16:45:00.604Z",974.50
"2019-12-28T23:13:41.047Z",966.10
"2019-12-29T01:08:07.379Z",959.10
"2019-12-29T05:44:04.965Z",966.60
"2019-12-29T05:52:44.247Z",984.40
"2019-12-29T08:41:21.191Z",995.10
"2019-12-29T11:06:48.634Z",1002.60
"2019-12-29T15:25:49.576Z",1012.10
"2019-12-29T16:59:53.748Z",1004.10
"2019-12-29T20:23:00.453Z",1013.10
"2019-12-29T22:28:57.817Z",1023.10
"2019-12-30T09:51:44.831Z",1014.10
"2019-12-30T10:44:14.997Z",1004.60
"2019-12-30T13:00:34.295Z",997.80
"2019-12-30T15:13:45.975Z",990.10
"2019-12-30T16:13:08.107Z",982.10
"2019-12-30T19:16:13.478Z",973.10
"2019-12-31T00:26:32.205Z",965.10
"2019-12-31T20:10:40.331Z",957.10
"2020-01-01T15:33:42.315Z",967.10
"2020-01-02T00:37:22.481Z",959.90
"2020-01-02T02:02:13.156Z",953.70
"2020-01-02T15:17:13.261Z",947.40
"2020-01-02T16:47:16.632Z",941.60
"2020-01-02T20:28:15.883Z",933.90
"2020-01-03T07:24:53.399Z",940.50
"2020-01-03T08:09:00.996Z",954.60
"2020-01-03T08:13:40.860Z",971.70
"2020-01-03T09:30:34.938Z",979.10
"2020-01-03T10:20:09.475Z",987.10
"2020-01-03T10:34:49.444Z",979.20
"2020-01-03T14:00:15.765Z",988.60
"2020-01-03T14:27:27.675Z",980.60
"2020-01-03T19:13:40.892Z",988.00
"2020-01-03T22:01:16.010Z",997.10
"2020-01-04T16:07:17.789Z",1002.90
"2020-01-04T18:18:43.110Z",1008.50
"2020-01-04T18:23:42.679Z",1025.00
"2020-01-04T18:39:36.776Z",1049.10
"2020-01-04T19:01:16.668Z",1041.50
"2020-01-04T20:24:02.760Z",1049.10
"2020-01-04T20:52:52.141Z",1060.40
"2020-01-04T20:56:59.733Z",1052.70
"2020-01-05T00:58:02.421Z",1060.10
"2020-01-05T02:45:33.639Z",1068.70
"2020-01-05T03:31:06.272Z",1077.50
"2020-01-05T03:43:01.285Z",1093.60
"2020-01-05T04:42:05.747Z",1110.60
"2020-01-05T09:55:55.150Z",1102.50
"2020-01-05T11:08:29.926Z",1113.90
"2020-01-05T12:28:19.435Z",1105.80
"2020-01-05T14:22:30.515Z",1120.00
"2020-01-05T14:57:27.960Z",1129.90
"2020-01-05T15:32:44.921Z",1142.40
"2020-01-05T16:21:33.022Z",1158.50
"2020-01-05T16:59:21.853Z",1171.70
"2020-01-05T17:36:58.656Z",1186.10
"2020-01-05T18:14:42.135Z",1177.00
"2020-01-05T19:48:57.441Z",1186.30
"2020-01-05T21:21:52.358Z",1176.50
"2020-01-05T23:16:30.432Z",1168.30
"2020-01-06T05:01:49.244Z",1178.40
"2020-01-06T08:10:01.922Z",1186.80
"2020-01-06T08:38:30.339Z",1201.40
"2020-01-06T08:47:11.886Z",1230.50
"2020-01-06T09:40:46.911Z",1256.10
"2020-01-06T11:33:41.732Z",1244.40
"2020-01-07T13:04:57.753Z",1259.00
"2020-01-07T15:31:49.065Z",1246.10
"2020-01-07T15:57:13.945Z",1223.90
"2020-01-07T17:44:04.652Z",1240.40
"2020-01-08T00:10:42.147Z",1247.90
"2020-01-08T00:27:55.068Z",1263.60
"2020-01-08T08:05:22.534Z",1246.70
"2020-01-08T10:24:34.995Z",1253.50
"2020-01-08T13:08:59.453Z",1244.90
"2020-01-08T15:16:57.507Z",1231.20
"2020-01-08T16:38:35.710Z",1217.30
"2020-01-08T17:24:27.343Z",1188.50
"2020-01-09T16:20:11.512Z",1176.70
"2020-01-09T17:49:40.278Z",1163.80
"2020-01-10T10:41:23.302Z",1178.80
"2020-01-10T11:05:40.510Z",1205.90
"2020-01-10T12:59:47.630Z",1254.30
"2020-01-11T01:53:43.201Z",1315.20
"2020-01-11T13:11:22.270Z",1361.10
"2020-01-11T14:04:49.818Z",1422.40
"2020-01-12T02:20:35.949Z",1479.30
"2020-01-12T14:31:17.147Z",1459.60
"2020-01-12T15:53:10.465Z",1473.10
"2020-01-12T16:59:00.878Z",1459.40
"2020-01-12T22:12:49.201Z",1475.40
"2020-01-12T22:52:20.613Z",1491.20
"2020-01-13T02:55:59.449Z",1470.00
"2020-01-13T05:38:25.414Z",1460.30
"2020-01-13T08:36:34.961Z",1477.50
"2020-01-13T17:09:18.849Z",1485.40
"2020-01-13T17:31:54.330Z",1510.30
"2020-01-13T18:48:01.035Z",1544.50
"2020-01-14T01:45:03.996Z",1632.20
"2020-01-14T09:10:47.436Z",1808.20
"2020-01-14T22:29:27.037Z",1938.70
"2020-01-15T00:11:04.562Z",2073.70
"2020-01-15T00:16:57.153Z",2499.20
"2020-01-15T19:21:15.725Z",2743.30
"2020-01-15T22:01:41.725Z",2971.80
"2020-01-16T02:58:57.540Z",2720.60
"2020-01-16T07:29:19.013Z",2663.70
"2020-01-16T08:24:34.733Z",2712.60
"2020-01-16T11:34:59.661Z",2758.70
"2020-01-16T11:59:49.372Z",2833.70
"2020-01-16T13:19:41.023Z",2775.70
"2020-01-16T14:17:39.333Z",2724.70
"2020-01-16T15:18:36.554Z",2774.00
"2020-01-16T16:05:38.090Z",2817.60
"2020-01-16T17:07:39.602Z",2845.90
"2020-01-16T20:53:48.126Z",2889.20
"2020-01-17T00:24:04.194Z",2801.20
"2020-01-17T05:19:26.385Z",2852.00
"2020-01-17T06:03:42.936Z",2893.10
"2020-01-17T06:32:34.206Z",2840.70
"2020-01-17T12:21:53.074Z",2807.30
"2020-01-17T12:58:44.386Z",2764.40
"2020-01-17T13:35:17.338Z",2701.40
"2020-01-17T14:31:01.650Z",2616.80
"2020-01-18T01:36:45.635Z",2425.50
"2020-01-18T12:44:57.447Z",2584.10
"2020-01-18T14:46:29.993Z",2459.80
"2020-01-18T15:38:18.337Z",2359.60
"2020-01-18T16:25:22.714Z",2273.40
"2020-01-19T01:18:18.336Z",2363.60
"2020-01-19T04:27:49.674Z",2396.20
"2020-01-19T04:55:30.514Z",2473.90
"2020-01-19T06:54:02.539Z",2403.90
"2020-01-19T13:30:27.388Z",2363.10
"2020-01-19T13:32:05.310Z",2300.30
"2020-01-19T14:37:37.835Z",2234.90
"2020-01-19T14:42:25.962Z",2280.80
"2020-01-19T15:23:32.695Z",2344.80
"2020-01-19T17:29:27.493Z",2403.50
"2020-01-19T21:50:03.456Z",2469.70
"2020-01-20T06:13:02.742Z",2384.50
"2020-01-20T12:30:47.850Z",2316.50
"2020-01-20T13:47:22.836Z",2388.20
"2020-01-20T14:40:42.314Z",2452.20
"2020-01-20T15:42:16.512Z",2511.50
"2020-01-21T09:11:57.046Z",2554.30
"2020-01-21T09:55:16.593Z",2498.40
"2020-01-21T11:16:04.119Z",2559.20
"2020-01-21T14:47:08.255Z",2611.50
"2020-01-21T15:09:55.898Z",2557.20
"2020-01-21T16:17:57.224Z",2518.40
"2020-01-21T19:31:40.919Z",2490.90
"2020-01-21T19:51:20.417Z",2429.10
"2020-01-21T20:04:39.002Z",2469.90
"2020-01-21T21:03:29.103Z",2506.60
"2020-01-22T02:30:55.035Z",2488.40
"2020-01-22T07:12:48.995Z",2520.20
"2020-01-22T07:34:57.489Z",2581.70
"2020-01-22T07:45:44.822Z",2542.40
"2020-01-22T08:02:45.055Z",2474.90
"2020-01-22T08:26:13.400Z",2515.10
"2020-01-22T11:17:03.118Z",2492.30
"2020-01-22T14:30:37.787Z",2476.90
"2020-01-22T16:36:39.088Z",2454.60
"2020-01-23T01:19:55.932Z",2424.20
"2020-01-23T02:12:06.611Z",2378.80
"2020-01-23T17:52:42.433Z",2309.30
"2020-01-24T02:22:09.691Z",2285.40
"2020-01-24T02:55:24.697Z",2235.40
"2020-01-24T09:48:15.430Z",2164.30
"2020-01-24T11:35:49.743Z",2251.70
"2020-01-24T12:30:39.910Z",2334.00
"2020-01-25T00:16:46.457Z",2295.70
"2020-01-25T15:00:56.193Z",2276.50
"2020-01-25T22:07:00.050Z",2297.10
"2020-01-25T22:16:40.865Z",2346.00
"2020-01-26T07:59:50.779Z",2407.70
"2020-01-26T09:13:35.811Z",2490.40
"2020-01-26T17:15:53.949Z",2621.70
"2020-01-27T12:35:05.127Z",2675.50
"2020-01-27T14:44:40.949Z",2585.80
"2020-01-27T14:59:42.285Z",2676.50
"2020-01-27T17:45:07.687Z",2595.20
"2020-01-28T01:21:23.361Z",2642.50
"2020-01-28T03:13:55.600Z",2607.40
"2020-01-28T06:26:36.655Z",2570.20
"2020-01-28T11:16:52.299Z",2626.50
"2020-01-28T14:16:05.427Z",2648.30
"2020-01-28T15:02:36.303Z",2623.40
"2020-01-28T16:01:06.594Z",2600.70
"2020-01-28T17:19:48.902Z",2577.90
"2020-01-28T21:18:56.398Z",2606.00
"2020-01-28T23:47:44.588Z",2624.70
"2020-01-29T00:29:33.516Z",2650.30
"2020-01-29T06:21:40.849Z",2706.90
"2020-01-29T10:02:12.635Z",2635.10
"2020-01-29T10:54:29.848Z",2695.00
"2020-01-29T15:07:51.094Z",2664.30
"2020-01-29T16:03:13.671Z",2642.90
"2020-01-29T16:13:02.700Z",2668.40
"2020-01-29T16:30:15.161Z",2721.00
"2020-01-29T19:05:23.850Z",2822.40
"2020-01-30T13:46:45.440Z",2872.10
"2020-01-30T15:11:26.180Z",2828.10
"2020-01-30T16:29:56.803Z",2793.60
"2020-01-30T17:09:15.600Z",2829.60
"2020-01-30T20:31:41.752Z",2802.00
"2020-01-30T21:08:58.146Z",2829.00
"2020-01-31T04:12:47.009Z",2798.90
"2020-01-31T05:15:08.650Z",2775.00
"2020-01-31T10:24:05.640Z",2705.80
"2020-01-31T12:25:19.601Z",2631.30
"2020-02-01T02:16:46.934Z",2688.00
"2020-02-01T04:09:03.707Z",2720.30
"2020-02-01T08:14:08.567Z",2685.80
"2020-02-01T11:13:52.576Z",2665.80
"2020-02-01T21:49:31.622Z",2645.60
"2020-02-02T04:08:04.045Z",2604.70
"2020-02-02T10:07:34.231Z",2642.50
"2020-02-02T10:17:16.294Z",2681.70
"2020-02-02T10:20:06.000Z",2668.89
"2020-02-02T12:16:37.037Z",2682.80
"2020-02-02T14:16:48.959Z",2653.40
"2020-02-02T16:59:31.287Z",2676.00
"2020-02-02T19:14:58.533Z",2649.10
"2020-02-02T23:30:19.551Z",2626.00
"2020-02-03T01:31:11.331Z",2650.30
"2020-02-03T16:52:42.803Z",2612.40
"2020-02-03T19:41:09.057Z",2641.60
"2020-02-04T08:29:49.964Z",2621.00
"2020-02-04T09:17:02.675Z",2601.40
"2020-02-04T09:55:39.549Z",2571.80
"2020-02-04T10:42:29.841Z",2528.00
"2020-02-05T07:01:53.407Z",2582.30
"2020-02-05T07:37:46.213Z",2626.20
"2020-02-05T11:28:00.550Z",2720.40
"2020-02-06T03:46:21.236Z",2780.60
"2020-02-06T11:03:44.825Z",2752.20
"2020-02-06T12:16:54.489Z",2777.30
"2020-02-06T13:47:06.613Z",2751.10
"2020-02-06T14:42:03.014Z",2720.90
"2020-02-07T08:06:01.005Z",2690.50
"2020-02-07T10:31:25.833Z",2723.10
"2020-02-07T16:27:35.060Z",2747.50
"2020-02-07T18:23:25.803Z",2708.80
"2020-02-08T02:23:19.000Z",2690.56
"2020-02-08T02:23:17.581Z",2686.60
"2020-02-08T05:16:37.290Z",2746.90
"2020-02-08T05:37:46.958Z",2899.10
"2020-02-09T03:13:44.408Z",2945.70
"2020-02-09T09:56:57.405Z",2893.10
"2020-02-09T13:14:33.567Z",2910.20
"2020-02-09T14:44:42.787Z",2876.60
"2020-02-09T21:04:41.813Z",2903.60
"2020-02-10T00:00:17.773Z",2931.50
"2020-02-10T05:58:18.591Z",2862.70
"2020-02-10T15:15:55.184Z",2905.40
"2020-02-10T16:35:13.661Z",2940.50
"2020-02-10T20:36:37.255Z",2891.20
"2020-02-10T22:22:20.356Z",2925.50
"2020-02-10T22:57:59.610Z",2895.00
"2020-02-11T03:18:50.701Z",2859.90
"2020-02-11T08:53:39.220Z",2889.20
"2020-02-11T16:04:49.383Z",2923.40
"2020-02-11T17:04:59.187Z",2951.20
"2020-02-11T17:54:34.198Z",2996.50
"2020-02-12T07:28:25.276Z",3087.50
"2020-02-12T15:37:11.884Z",3018.90
"2020-02-12T21:43:22.797Z",3054.10
"2020-02-12T21:53:52.370Z",3019.20
"2020-02-12T22:52:00.219Z",3055.60
"2020-02-12T23:40:03.438Z",3023.30
"2020-02-12T23:50:17.281Z",3055.00
"2020-02-13T00:29:20.486Z",3022.00
"2020-02-13T03:23:07.563Z",3054.00
"2020-02-13T07:06:00.978Z",3102.10
"2020-02-13T07:58:09.033Z",3067.40
"2020-02-13T08:13:40.025Z",2985.90
"2020-02-13T13:37:48.259Z",3059.90
"2020-02-13T16:24:57.062Z",3021.90
"2020-02-13T19:43:39.830Z",2993.00
"2020-02-14T20:32:58.498Z",3048.00
"2020-02-15T09:47:21.000Z",3014.20
"2020-02-15T15:47:18.273Z",2987.80
"2020-02-15T15:53:50.428Z",2923.10
"2020-02-15T16:35:44.469Z",2795.40
"2020-02-16T13:13:48.515Z",2759.10
"2020-02-16T15:17:02.755Z",2702.80
"2020-02-16T16:14:07.806Z",2607.10
"2020-02-16T16:50:56.914Z",2435.50
"2020-02-16T21:12:29.705Z",2652.40
"2020-02-17T02:00:35.491Z",2506.90
"2020-02-17T11:12:27.210Z",2386.00
"2020-02-17T15:38:49.994Z",2476.40
"2020-02-17T16:15:56.623Z",2608.60
"2020-02-17T20:14:47.627Z",2767.70
"2020-02-18T00:23:46.119Z",2639.80
"2020-02-18T11:38:27.611Z",2590.00
"2020-02-18T13:02:09.759Z",2564.20
"2020-02-18T15:03:51.711Z",2609.80
"2020-02-18T16:39:45.225Z",2655.50
"2020-02-18T19:00:21.444Z",2680.10
"2020-02-19T06:56:18.539Z",2629.20
"2020-02-19T08:11:45.745Z",2610.80
"2020-02-19T10:25:35.946Z",2644.00
"2020-02-19T21:19:10.810Z",2595.20
"2020-02-19T21:33:12.250Z",2520.60
"2020-02-20T11:55:30.460Z",2411.00
"2020-02-20T22:18:48.674Z",2455.20
"2020-02-21T11:56:33.544Z",2434.80
"2020-02-21T12:02:26.404Z",2458.60
"2020-02-21T16:37:34.608Z",2491.40
"2020-02-22T00:44:56.056Z",2520.00
"2020-02-22T06:07:20.675Z",2484.40
"2020-02-22T09:28:57.008Z",2464.50
"2020-02-22T16:03:38.189Z",2506.10
"2020-02-22T16:05:21.114Z",2447.00
"2020-02-22T18:44:33.843Z",2391.10
"2020-02-23T03:44:58.266Z",2427.20
"2020-02-23T05:36:11.686Z",2463.90
"2020-02-23T06:39:04.848Z",2494.90
"2020-02-23T23:16:57.419Z",2516.10
"2020-02-24T02:37:22.177Z",2487.00
"2020-02-24T03:17:10.208Z",2451.90
"2020-02-24T12:06:20.514Z",2405.30
"2020-02-25T05:25:08.640Z",2367.90
"2020-02-25T06:24:31.855Z",2324.80
"2020-02-25T15:17:10.715Z",2270.60
"2020-02-26T01:28:12.449Z",2205.00
"2020-02-26T02:08:53.496Z",2127.20
"2020-02-26T07:19:40.474Z",2246.90
"2020-02-26T07:22:04.468Z",2128.20
"2020-02-26T09:16:41.342Z",2239.50
"2020-02-26T10:07:52.205Z",2130.40
"2020-02-26T14:31:36.266Z",2011.60
"2020-02-27T05:07:15.135Z",2056.10
"2020-02-27T06:14:32.336Z",2075.40
"2020-02-27T09:20:46.246Z",2310.90
"2020-02-27T09:29:05.696Z",2070.90
"2020-02-27T16:30:25.019Z",2098.10
"2020-02-27T16:42:05.235Z",2172.90
"2020-02-27T21:29:11.877Z",2108.70
"2020-02-27T22:04:10.669Z",2037.20
"2020-02-28T00:26:30.414Z",2077.60
"2020-02-28T01:28:47.749Z",2116.70
"2020-02-28T03:38:46.989Z",2093.60
"2020-02-28T05:11:10.676Z",2065.90
"2020-02-28T09:07:04.017Z",2019.70
"2020-02-28T09:49:17.204Z",1967.00
"2020-02-28T14:55:11.013Z",2041.80
"2020-02-28T15:57:01.537Z",2106.40
"2020-02-28T16:39:11.684Z",2058.60
"2020-02-28T17:07:40.272Z",2000.90
"2020-02-28T20:36:45.937Z",2005.10
"2020-02-28T20:36:45.947Z",2003.00
