"2019-06-10T08:45:02.864Z",8.9251
"2019-06-10T08:47:53.179Z",8.9349
"2019-06-10T09:53:08.560Z",8.8930
"2019-06-10T10:14:57.918Z",8.8004
"2019-06-10T14:28:33.996Z",9.1473
"2019-06-10T15:10:19.949Z",9.1349
"2019-06-10T15:20:30.500Z",9.1249
"2019-06-10T15:21:18.346Z",9.0875
"2019-06-10T16:09:24.872Z",9.1103
"2019-06-10T16:12:46.999Z",9.1220
"2019-06-10T16:13:50.119Z",9.1759
"2019-06-10T17:10:13.921Z",9.0947
"2019-06-10T20:31:26.942Z",9.0751
"2019-06-10T20:33:34.683Z",9.0174
"2019-06-10T20:53:07.681Z",9.0325
"2019-06-10T23:16:07.856Z",9.0400
"2019-06-11T00:00:36.409Z",9.0974
"2019-06-11T01:04:55.545Z",9.0805
"2019-06-11T01:20:39.399Z",9.0660
"2019-06-11T03:14:36.153Z",9.0333
"2019-06-11T04:01:41.681Z",9.0059
"2019-06-11T05:43:01.293Z",9.0201
"2019-06-11T06:51:15.616Z",8.9905
"2019-06-11T07:00:23.738Z",8.9215
"2019-06-11T07:50:47.722Z",8.9344
"2019-06-11T07:51:18.640Z",8.9715
"2019-06-11T10:28:30.503Z",8.8843
"2019-06-11T14:04:03.363Z",8.9060
"2019-06-11T15:25:04.539Z",8.8757
"2019-06-11T16:13:14.983Z",8.8346
"2019-06-11T16:50:58.905Z",8.8656
"2019-06-11T16:59:07.079Z",8.9277
"2019-06-11T21:11:30.381Z",8.9444
"2019-06-11T21:21:15.904Z",8.9813
"2019-06-12T00:53:27.344Z",8.9509
"2019-06-12T02:51:20.940Z",8.9807
"2019-06-12T04:26:49.763Z",8.9490
"2019-06-12T06:56:17.081Z",8.9792
"2019-06-12T07:37:25.795Z",9.0186
"2019-06-12T09:09:27.888Z",8.9906
"2019-06-12T11:39:00.101Z",9.0323
"2019-06-12T12:18:26.564Z",9.0870
"2019-06-12T12:42:58.837Z",9.0549
"2019-06-12T14:28:30.510Z",9.1005
"2019-06-12T14:55:49.680Z",9.1837
"2019-06-12T17:05:08.297Z",9.2750
"2019-06-12T17:15:12.545Z",9.1458
"2019-06-12T17:48:53.231Z",9.0987
"2019-06-12T18:44:11.888Z",9.1844
"2019-06-13T01:01:33.646Z",9.2058
"2019-06-13T01:04:01.699Z",9.2701
"2019-06-13T06:13:23.985Z",9.2916
"2019-06-13T06:55:32.716Z",9.3058
"2019-06-13T06:55:33.016Z",9.3563
"2019-06-13T06:58:09.357Z",9.5100
"2019-06-13T07:01:47.820Z",9.2900
"2019-06-13T07:55:45.372Z",9.2778
"2019-06-13T09:43:36.181Z",9.2539
"2019-06-13T10:13:24.383Z",9.2832
"2019-06-13T10:26:33.004Z",9.2539
"2019-06-13T10:32:59.914Z",9.1854
"2019-06-13T10:33:32.527Z",9.1800
"2019-06-13T10:43:48.901Z",9.2856
"2019-06-13T10:51:01.423Z",9.2539
"2019-06-13T10:57:10.866Z",9.3520
"2019-06-13T11:05:23.456Z",9.3758
"2019-06-13T11:11:20.324Z",9.2951
"2019-06-13T11:12:25.280Z",9.4800
"2019-06-13T11:37:25.450Z",9.4127
"2019-06-13T11:38:26.201Z",9.2676
"2019-06-13T13:28:11.028Z",9.2843
"2019-06-13T18:54:15.320Z",9.2896
"2019-06-13T22:00:57.853Z",9.2923
"2019-06-13T22:42:55.506Z",9.2773
"2019-06-13T22:46:17.317Z",9.2605
"2019-06-13T23:21:32.343Z",9.2414
"2019-06-13T23:49:37.049Z",9.1872
"2019-06-14T01:29:27.119Z",9.1267
"2019-06-14T06:49:31.042Z",9.1574
"2019-06-14T07:41:29.807Z",9.1175
"2019-06-14T10:05:21.411Z",9.0991
"2019-06-14T10:06:57.511Z",9.0439
"2019-06-14T10:11:06.625Z",9.1267
"2019-06-14T12:00:38.277Z",9.1000
"2019-06-14T12:19:44.674Z",9.0506
"2019-06-14T13:00:19.041Z",9.0842
"2019-06-14T13:52:05.648Z",9.1265
"2019-06-14T14:11:37.216Z",9.2260
"2019-06-14T14:12:40.611Z",9.1630
"2019-06-14T16:27:46.346Z",9.1251
"2019-06-14T18:17:31.063Z",9.0930
"2019-06-14T21:12:00.115Z",9.1200
"2019-06-14T21:13:42.807Z",9.0929
"2019-06-14T21:35:21.368Z",9.1513
"2019-06-14T23:33:09.813Z",9.2106
"2019-06-15T00:56:00.222Z",9.2657
"2019-06-15T05:24:35.176Z",9.2831
"2019-06-15T06:34:17.962Z",9.3073
"2019-06-15T07:02:07.652Z",9.2719
"2019-06-15T08:21:54.121Z",9.2491
"2019-06-15T09:27:34.848Z",9.2760
"2019-06-15T14:32:55.036Z",9.2916
"2019-06-15T14:43:31.825Z",9.3542
"2019-06-15T17:16:25.658Z",9.3264
"2019-06-15T17:20:39.606Z",9.3624
"2019-06-15T19:37:58.140Z",9.4160
"2019-06-15T20:40:08.346Z",9.3911
"2019-06-15T20:54:07.396Z",9.3495
"2019-06-15T23:01:14.857Z",9.3753
"2019-06-16T02:03:44.892Z",9.3939
"2019-06-16T02:17:33.339Z",9.4360
"2019-06-16T04:00:24.953Z",9.5293
"2019-06-16T05:58:39.079Z",9.5908
"2019-06-16T08:14:23.530Z",9.6225
"2019-06-16T08:45:30.189Z",9.5969
"2019-06-16T08:47:24.848Z",9.5051
"2019-06-16T09:53:36.036Z",9.4318
"2019-06-16T10:19:02.660Z",9.4761
"2019-06-16T13:00:18.802Z",9.4331
"2019-06-16T13:41:27.779Z",9.4924
"2019-06-16T14:13:50.453Z",9.5379
"2019-06-16T15:46:54.628Z",9.5792
"2019-06-16T15:51:16.364Z",9.6968
"2019-06-16T16:24:22.589Z",9.9506
"2019-06-16T16:52:12.641Z",9.9250
"2019-06-16T17:04:34.934Z",9.8830
"2019-06-16T17:23:29.639Z",9.7773
"2019-06-16T19:29:14.365Z",9.6854
"2019-06-16T21:45:17.935Z",9.7260
"2019-06-16T22:50:58.010Z",9.7738
"2019-06-16T23:38:13.419Z",9.8827
"2019-06-16T23:47:48.466Z",9.8524
"2019-06-17T03:56:18.732Z",9.8360
"2019-06-17T04:06:08.958Z",9.8024
"2019-06-17T04:45:47.763Z",9.8304
"2019-06-17T07:39:33.471Z",9.8459
"2019-06-17T08:15:16.101Z",9.8798
"2019-06-17T08:57:05.962Z",9.9471
"2019-06-17T11:05:10.224Z",9.9212
"2019-06-17T12:27:21.878Z",9.9002
"2019-06-17T12:37:30.807Z",9.8430
"2019-06-17T14:16:47.719Z",9.8687
"2019-06-17T14:44:22.131Z",9.9053
"2019-06-17T15:45:51.623Z",9.8642
"2019-06-17T16:21:28.949Z",9.7991
"2019-06-17T19:53:04.911Z",9.7780
"2019-06-17T19:58:16.322Z",9.8041
"2019-06-17T20:33:55.016Z",9.8391
"2019-06-17T20:38:43.374Z",9.9397
"2019-06-17T20:57:07.675Z",10.1838
"2019-06-17T21:08:50.181Z",10.1454
"2019-06-17T22:26:08.314Z",10.1051
"2019-06-18T00:39:17.913Z",10.2034
"2019-06-18T04:31:34.566Z",10.2343
"2019-06-18T05:16:35.095Z",10.2052
"2019-06-18T05:27:38.886Z",10.1490
"2019-06-18T06:56:06.905Z",10.0718
"2019-06-18T07:41:56.611Z",9.9254
"2019-06-18T08:04:26.960Z",9.9577
"2019-06-18T08:53:24.196Z",10.0201
"2019-06-18T09:29:38.110Z",10.0998
"2019-06-18T11:04:37.546Z",10.0282
"2019-06-18T11:45:45.036Z",10.1034
"2019-06-18T12:21:05.598Z",10.0088
"2019-06-18T15:07:56.286Z",9.9680
"2019-06-18T15:32:30.955Z",9.8749
"2019-06-18T15:46:39.185Z",9.9025
"2019-06-18T16:56:47.936Z",9.7916
"2019-06-18T19:17:49.469Z",9.8167
"2019-06-18T19:40:07.374Z",9.8443
"2019-06-18T19:56:38.521Z",9.8057
"2019-06-18T20:52:53.966Z",9.8681
"2019-06-18T21:42:00.305Z",9.7835
"2019-06-18T22:22:06.498Z",9.6363
"2019-06-18T22:36:04.199Z",9.6711
"2019-06-18T23:52:07.208Z",9.7243
"2019-06-19T01:00:50.680Z",9.7865
"2019-06-19T04:18:02.304Z",9.8176
"2019-06-19T04:46:16.619Z",9.8568
"2019-06-19T04:56:35.348Z",9.9941
"2019-06-19T04:56:53.907Z",9.9428
"2019-06-19T05:27:13.981Z",9.9266
"2019-06-19T08:01:43.680Z",9.9611
"2019-06-19T12:39:59.649Z",9.9348
"2019-06-19T12:52:31.216Z",9.9003
"2019-06-19T15:04:05.315Z",9.8658
"2019-06-19T15:33:51.891Z",9.8120
"2019-06-19T15:35:26.682Z",9.8628
"2019-06-19T17:54:07.670Z",9.8873
"2019-06-19T18:34:13.604Z",9.9228
"2019-06-19T19:09:49.228Z",9.9610
"2019-06-20T00:57:26.372Z",9.9135
"2019-06-20T08:34:00.879Z",9.8724
"2019-06-20T08:53:40.769Z",9.8381
"2019-06-20T10:20:51.159Z",9.8042
"2019-06-20T10:47:42.934Z",9.7578
"2019-06-20T12:36:59.078Z",9.7009
"2019-06-20T14:33:27.311Z",9.7454
"2019-06-20T15:08:23.126Z",9.7840
"2019-06-20T20:03:40.541Z",9.7403
"2019-06-20T20:25:57.142Z",9.8052
"2019-06-20T20:38:56.599Z",9.8567
"2019-06-20T21:42:23.860Z",9.8910
"2019-06-20T21:53:50.497Z",9.8427
"2019-06-20T22:36:48.893Z",9.9018
"2019-06-21T01:41:34.605Z",9.9373
"2019-06-21T01:43:55.845Z",10.0210
"2019-06-21T02:40:24.074Z",9.9738
"2019-06-21T03:15:00.933Z",9.9307
"2019-06-21T03:56:33.269Z",9.8961
"2019-06-21T05:58:14.014Z",9.9725
"2019-06-21T08:18:35.893Z",10.0077
"2019-06-21T08:35:31.937Z",10.0447
"2019-06-21T09:54:12.048Z",9.9965
"2019-06-21T10:15:39.192Z",10.0462
"2019-06-21T10:32:23.930Z",10.1444
"2019-06-21T11:44:22.663Z",10.0870
"2019-06-21T13:28:27.761Z",10.0511
"2019-06-21T13:33:04.637Z",10.0129
"2019-06-22T00:33:40.444Z",10.0689
"2019-06-22T00:44:04.743Z",10.1081
"2019-06-22T01:12:30.139Z",10.1597
"2019-06-22T02:34:46.508Z",10.1991
"2019-06-22T02:58:28.020Z",10.2501
"2019-06-22T03:51:23.238Z",10.1805
"2019-06-22T03:59:45.124Z",10.1414
"2019-06-22T05:18:25.588Z",10.2524
"2019-06-22T06:24:31.560Z",10.3180
"2019-06-22T08:54:09.618Z",10.3779
"2019-06-22T12:44:25.994Z",10.4166
"2019-06-22T12:46:39.055Z",10.4745
"2019-06-22T13:30:37.090Z",10.6565
"2019-06-22T14:19:56.971Z",10.9355
"2019-06-22T14:41:06.768Z",10.8741
"2019-06-22T14:53:02.544Z",10.8345
"2019-06-22T16:04:17.659Z",11.0178
"2019-06-22T17:29:29.831Z",10.9454
"2019-06-22T18:14:13.837Z",10.8935
"2019-06-22T18:50:53.481Z",10.8516
"2019-06-22T19:01:16.936Z",10.6916
"2019-06-22T20:28:39.416Z",10.8055
"2019-06-22T21:41:28.501Z",10.7007
"2019-06-22T22:16:17.166Z",10.5406
"2019-06-22T23:15:03.238Z",10.5971
"2019-06-22T23:30:23.950Z",10.6546
"2019-06-23T00:03:01.337Z",10.7562
"2019-06-23T01:08:39.499Z",10.8860
"2019-06-23T01:46:08.036Z",10.8367
"2019-06-23T06:00:54.852Z",10.8849
"2019-06-23T06:59:54.096Z",10.8316
"2019-06-23T08:39:55.633Z",10.7905
"2019-06-23T09:02:16.042Z",10.7452
"2019-06-23T09:11:41.293Z",10.6714
"2019-06-23T10:08:19.358Z",10.6329
"2019-06-23T10:35:10.750Z",10.4127
"2019-06-23T11:09:59.792Z",10.5616
"2019-06-23T12:07:46.074Z",10.6007
"2019-06-23T12:14:31.362Z",10.6820
"2019-06-23T13:44:06.223Z",10.6304
"2019-06-23T15:54:36.532Z",10.5900
"2019-06-23T16:03:12.479Z",10.6403
"2019-06-23T16:05:26.497Z",10.7094
"2019-06-23T17:21:43.383Z",10.7605
"2019-06-23T19:22:32.751Z",10.8166
"2019-06-23T21:24:54.170Z",10.8668
"2019-06-23T21:42:12.782Z",10.7124
"2019-06-23T21:47:15.205Z",10.7637
"2019-06-23T22:18:55.945Z",10.6950
"2019-06-23T23:04:58.966Z",10.6488
"2019-06-23T23:23:39.783Z",10.5922
"2019-06-23T23:30:28.694Z",10.4370
"2019-06-23T23:55:52.443Z",10.5125
"2019-06-24T03:57:55.463Z",10.3928
"2019-06-24T07:12:57.159Z",10.4430
"2019-06-24T07:54:53.139Z",10.4871
"2019-06-24T09:56:47.952Z",10.5365
"2019-06-24T10:06:39.276Z",10.5754
"2019-06-24T10:24:24.723Z",10.6197
"2019-06-24T11:10:18.399Z",10.5669
"2019-06-24T13:34:49.743Z",10.5281
"2019-06-24T16:34:20.626Z",10.4816
"2019-06-24T19:21:55.425Z",10.4388
"2019-06-24T19:32:30.402Z",10.4004
"2019-06-24T21:53:58.195Z",10.4585
"2019-06-24T23:45:28.550Z",10.5085
"2019-06-24T23:48:51.977Z",10.5750
"2019-06-24T23:54:57.035Z",10.6158
"2019-06-25T03:33:56.199Z",10.5637
"2019-06-25T05:27:18.085Z",10.6145
"2019-06-25T06:42:41.592Z",10.6546
"2019-06-25T08:55:35.250Z",10.6064
"2019-06-25T11:21:12.290Z",10.6564
"2019-06-25T11:52:17.425Z",10.6063
"2019-06-25T12:12:17.349Z",10.5629
"2019-06-25T12:19:55.906Z",10.5100
"2019-06-25T16:33:40.230Z",10.4725
"2019-06-25T17:00:13.793Z",10.4352
"2019-06-25T17:01:52.884Z",10.3671
"2019-06-25T17:27:42.307Z",10.4128
"2019-06-25T17:39:19.839Z",10.4694
"2019-06-25T17:40:55.545Z",10.5576
"2019-06-25T20:30:40.168Z",10.5099
"2019-06-25T20:51:56.162Z",10.4723
"2019-06-25T22:13:49.260Z",10.3851
"2019-06-25T22:19:30.049Z",10.4434
"2019-06-25T22:53:24.226Z",10.4852
"2019-06-26T00:48:01.793Z",10.4354
"2019-06-26T01:12:14.557Z",10.4835
"2019-06-26T01:13:35.589Z",10.5610
"2019-06-26T03:27:43.516Z",10.6050
"2019-06-26T03:34:34.005Z",10.6674
"2019-06-26T05:00:50.151Z",10.7824
"2019-06-26T05:14:42.794Z",10.7348
"2019-06-26T05:18:12.356Z",10.6928
"2019-06-26T07:59:33.198Z",10.6541
"2019-06-26T09:23:03.321Z",10.7124
"2019-06-26T09:32:01.618Z",10.7775
"2019-06-26T12:02:15.400Z",10.8432
"2019-06-26T12:13:57.627Z",10.9899
"2019-06-26T14:16:49.721Z",10.9290
"2019-06-26T14:29:29.579Z",10.8807
"2019-06-26T15:50:02.094Z",10.9375
"2019-06-26T16:57:04.689Z",11.0012
"2019-06-26T17:03:39.298Z",10.9474
"2019-06-26T17:10:52.783Z",10.8883
"2019-06-26T17:15:28.254Z",10.8243
"2019-06-26T17:51:49.889Z",10.9795
"2019-06-26T18:40:43.389Z",10.8725
"2019-06-26T20:12:28.567Z",10.7600
"2019-06-26T20:24:41.729Z",10.8234
"2019-06-26T21:04:37.131Z",10.5373
"2019-06-26T22:31:36.449Z",10.2078
"2019-06-27T02:15:17.559Z",10.0751
"2019-06-27T03:40:33.894Z",10.1363
"2019-06-27T05:13:09.358Z",10.1729
"2019-06-27T06:27:06.176Z",10.1000
"2019-06-27T06:29:03.116Z",9.9101
"2019-06-27T06:33:23.956Z",9.4895
"2019-06-27T07:02:05.246Z",9.5387
"2019-06-27T07:05:50.702Z",9.5855
"2019-06-27T09:10:22.811Z",9.2671
"2019-06-27T09:57:32.202Z",9.3157
"2019-06-27T10:03:52.115Z",9.3811
"2019-06-27T11:28:12.854Z",9.4657
"2019-06-27T13:02:40.955Z",9.5073
"2019-06-27T13:14:11.467Z",9.4393
"2019-06-27T16:12:33.016Z",9.4043
"2019-06-27T16:15:29.361Z",9.2818
"2019-06-27T16:34:30.438Z",9.3282
"2019-06-27T16:42:27.990Z",9.1195
"2019-06-27T20:20:14.461Z",9.0679
"2019-06-27T20:42:12.842Z",8.8466
"2019-06-27T20:44:14.953Z",8.9396
"2019-06-27T21:24:43.302Z",8.9747
"2019-06-27T21:34:56.011Z",9.0639
"2019-06-27T23:47:24.935Z",9.1151
"2019-06-28T02:50:55.302Z",9.0751
"2019-06-28T02:58:18.906Z",9.0362
"2019-06-28T03:17:27.383Z",8.9621
"2019-06-28T05:10:15.980Z",8.9997
"2019-06-28T05:49:15.739Z",9.0300
"2019-06-28T06:07:12.452Z",9.0601
"2019-06-28T06:15:56.113Z",9.1570
"2019-06-28T07:32:28.230Z",9.1158
"2019-06-28T07:54:28.012Z",9.0656
"2019-06-28T08:20:38.261Z",9.1238
"2019-06-28T08:50:03.601Z",9.2799
"2019-06-28T12:17:50.959Z",9.2376
"2019-06-28T13:46:15.366Z",9.2049
"2019-06-28T14:17:41.647Z",9.2513
"2019-06-28T15:39:42.153Z",9.2966
"2019-06-28T17:06:44.881Z",9.3404
"2019-06-28T20:40:46.109Z",9.3993
"2019-06-28T20:59:33.284Z",9.4702
"2019-06-28T21:58:49.815Z",9.4280
"2019-06-28T22:29:23.241Z",9.3915
"2019-06-28T23:50:05.126Z",9.5120
"2019-07-01T07:27:30.992Z",9.1472
"2019-07-01T09:07:13.610Z",9.2063
"2019-07-01T10:12:05.833Z",9.1619
"2019-07-01T11:13:46.025Z",9.0672
"2019-07-01T12:26:16.454Z",9.0132
"2019-07-01T15:01:14.539Z",8.9551
"2019-07-01T15:29:28.241Z",8.7915
"2019-07-01T15:46:28.586Z",8.8291
"2019-07-01T15:53:15.315Z",8.8775
"2019-07-01T16:07:01.393Z",8.9216
"2019-07-01T18:52:21.330Z",8.9513
"2019-07-01T19:26:56.240Z",8.8964
"2019-07-01T19:50:53.580Z",8.8625
"2019-07-01T20:34:05.017Z",8.9235
"2019-07-01T22:32:52.935Z",8.9843
"2019-07-01T23:08:17.162Z",9.0425
"2019-07-01T23:16:23.023Z",9.1282
"2019-07-02T02:23:09.907Z",9.0904
"2019-07-02T04:01:04.705Z",9.1554
"2019-07-02T04:26:12.654Z",9.0943
"2019-07-02T04:29:34.198Z",9.0199
"2019-07-02T04:36:48.425Z",8.9544
"2019-07-02T04:50:49.505Z",8.8835
"2019-07-02T06:09:52.980Z",8.7887
"2019-07-02T07:20:23.120Z",8.8437
"2019-07-02T07:27:20.959Z",8.8831
"2019-07-02T09:21:05.288Z",8.9626
"2019-07-02T10:33:16.331Z",8.8776
"2019-07-02T11:17:51.622Z",8.8091
"2019-07-02T11:48:08.366Z",8.8506
"2019-07-02T12:45:45.200Z",8.9257
"2019-07-02T13:37:56.320Z",8.8328
"2019-07-02T14:34:31.071Z",8.9241
"2019-07-02T15:53:55.927Z",8.9693
"2019-07-02T19:36:04.295Z",8.9991
"2019-07-02T21:08:21.544Z",8.9443
"2019-07-02T22:32:20.620Z",8.9811
"2019-07-02T22:34:01.701Z",9.0354
"2019-07-03T01:35:28.669Z",9.0871
"2019-07-03T04:43:35.228Z",9.1189
"2019-07-03T06:59:00.598Z",9.1506
"2019-07-03T07:51:01.821Z",9.0898
"2019-07-03T08:02:09.999Z",9.0578
"2019-07-03T08:54:33.022Z",9.0087
"2019-07-03T13:19:24.482Z",9.0460
"2019-07-03T20:32:43.460Z",9.0760
"2019-07-03T22:30:34.381Z",9.1063
"2019-07-03T22:37:30.619Z",9.1578
"2019-07-04T04:36:24.397Z",9.1093
"2019-07-04T05:43:25.892Z",9.0756
"2019-07-04T10:27:13.596Z",9.0454
"2019-07-04T10:53:42.469Z",9.0048
"2019-07-04T18:10:27.471Z",8.9705
"2019-07-04T18:38:59.053Z",9.0279
"2019-07-04T20:19:24.769Z",8.9868
"2019-07-04T23:07:49.606Z",8.9571
"2019-07-04T23:09:18.923Z",8.9228
"2019-07-04T23:51:55.261Z",8.8538
"2019-07-05T02:46:19.155Z",8.8227
"2019-07-05T03:04:15.785Z",8.7763
"2019-07-05T04:09:15.198Z",8.7122
"2019-07-05T05:54:06.836Z",8.7615
"2019-07-05T06:51:42.767Z",8.7031
"2019-07-05T07:20:45.318Z",8.6123
"2019-07-05T09:21:01.212Z",8.6500
"2019-07-05T12:08:26.331Z",8.7379
"2019-07-05T17:31:52.597Z",8.7727
"2019-07-05T17:36:28.132Z",8.7023
"2019-07-05T18:36:35.881Z",8.7950
"2019-07-05T20:12:33.557Z",8.7571
"2019-07-05T20:58:37.733Z",8.7267
"2019-07-05T21:00:09.844Z",8.6900
"2019-07-05T21:03:35.128Z",8.6674
"2019-07-06T00:36:38.697Z",8.7145
"2019-07-06T04:04:52.517Z",8.7469
"2019-07-06T06:23:10.369Z",8.7792
"2019-07-06T09:05:09.483Z",8.7320
"2019-07-06T14:15:10.012Z",8.7858
"2019-07-06T14:17:20.125Z",8.8487
"2019-07-06T14:22:10.496Z",8.9061
"2019-07-06T14:27:09.171Z",8.9755
"2019-07-06T14:36:16.220Z",9.0147
"2019-07-06T14:51:48.601Z",9.1198
"2019-07-06T17:39:44.652Z",9.1520
"2019-07-06T18:50:45.402Z",9.1121
"2019-07-06T20:12:09.822Z",9.0819
"2019-07-06T21:14:36.959Z",9.0244
"2019-07-06T21:24:43.672Z",8.9920
"2019-07-06T21:36:38.244Z",8.9619
"2019-07-06T22:10:41.337Z",8.9326
"2019-07-06T22:24:12.987Z",8.8840
"2019-07-07T02:04:28.481Z",8.8542
"2019-07-07T04:05:33.593Z",8.8980
"2019-07-07T04:27:44.929Z",9.0090
"2019-07-07T05:44:07.197Z",8.9720
"2019-07-07T05:47:21.153Z",8.9411
"2019-07-07T11:21:00.572Z",8.9795
"2019-07-07T11:27:09.773Z",9.0161
"2019-07-07T11:46:41.755Z",9.0402
"2019-07-07T14:53:09.776Z",8.9940
"2019-07-07T15:43:30.464Z",8.9661
"2019-07-07T15:53:09.512Z",8.9022
"2019-07-07T17:37:16.030Z",8.9176
"2019-07-07T17:40:10.938Z",8.9676
"2019-07-07T21:03:35.118Z",9.0184
"2019-07-07T22:01:21.582Z",9.0496
"2019-07-08T03:37:09.734Z",9.0075
"2019-07-09T20:01:37.819Z",8.9792
"2019-07-11T12:04:02.212Z",7.7205
"2019-07-11T12:36:50.263Z",7.7241
"2019-07-11T13:25:24.708Z",7.7547
"2019-07-11T14:29:39.949Z",7.7296
"2019-07-11T15:25:39.468Z",7.7033
"2019-07-11T15:27:39.458Z",7.6780
"2019-07-11T15:29:38.091Z",7.6527
"2019-07-11T15:34:49.093Z",7.5960
"2019-07-11T18:07:43.985Z",7.5567
"2019-07-11T20:10:53.565Z",7.4772
"2019-07-11T20:28:40.093Z",7.4308
"2019-07-11T21:16:11.856Z",7.4718
"2019-07-11T22:04:36.848Z",7.4945
"2019-07-11T22:26:40.254Z",7.5248
"2019-07-12T03:41:07.084Z",7.4953
"2019-07-12T03:48:12.861Z",7.4631
"2019-07-12T03:51:46.154Z",7.4381
"2019-07-12T04:00:55.808Z",7.4103
"2019-07-12T04:33:46.169Z",7.3878
"2019-07-12T04:42:55.738Z",7.4273
"2019-07-12T05:19:44.762Z",7.4558
"2019-07-12T05:53:48.431Z",7.4906
"2019-07-12T06:36:38.432Z",7.5181
"2019-07-12T07:18:39.850Z",7.5867
"2019-07-12T07:26:39.727Z",7.6220
"2019-07-12T07:44:28.010Z",7.6836
"2019-07-12T09:23:38.593Z",7.8313
"2019-07-12T13:43:25.355Z",7.8727
"2019-07-12T15:10:37.250Z",7.8401
"2019-07-12T15:14:06.058Z",7.7869
"2019-07-12T15:35:19.877Z",7.8253
"2019-07-12T16:08:10.057Z",7.8569
"2019-07-12T20:20:06.880Z",7.8357
"2019-07-13T01:14:57.036Z",7.8051
"2019-07-13T03:31:10.823Z",7.7781
"2019-07-13T03:35:13.298Z",7.7542
"2019-07-13T07:14:07.221Z",7.7306
"2019-07-13T07:50:07.288Z",7.7016
"2019-07-13T07:56:12.370Z",7.6747
"2019-07-13T07:59:17.768Z",7.6491
"2019-07-13T09:25:37.885Z",7.6795
"2019-07-13T10:07:04.706Z",7.6300
"2019-07-13T11:38:19.818Z",7.5819
"2019-07-13T13:18:07.406Z",7.6151
"2019-07-13T13:19:11.583Z",7.6445
"2019-07-13T15:37:39.587Z",7.6888
"2019-07-13T16:12:43.735Z",7.6563
"2019-07-13T16:20:46.351Z",7.6233
"2019-07-13T18:17:29.938Z",7.5994
"2019-07-13T20:32:19.922Z",7.5763
"2019-07-13T20:47:56.954Z",7.5162
"2019-07-13T22:25:09.734Z",7.5480
"2019-07-13T23:45:56.186Z",7.5821
"2019-07-14T01:47:46.713Z",7.6080
"2019-07-14T04:54:12.902Z",7.5786
"2019-07-14T04:56:11.347Z",7.5493
"2019-07-14T09:42:15.922Z",7.5265
"2019-07-14T09:51:12.930Z",7.5015
"2019-07-14T09:53:11.978Z",7.4562
"2019-07-14T09:55:25.023Z",7.4236
"2019-07-14T10:00:45.113Z",7.3179
"2019-07-14T13:53:39.505Z",7.2555
"2019-07-14T15:12:41.371Z",7.1667
"2019-07-14T15:48:09.398Z",7.0391
"2019-07-14T16:10:14.293Z",7.0683
"2019-07-14T16:49:13.807Z",7.0994
"2019-07-14T16:52:53.883Z",7.1236
"2019-07-14T17:02:43.436Z",7.1583
"2019-07-14T19:22:33.818Z",7.1300
"2019-07-14T20:41:28.680Z",7.1633
"2019-07-14T20:47:25.044Z",7.1963
"2019-07-14T22:50:55.603Z",7.1694
"2019-07-14T23:01:06.108Z",7.1253
"2019-07-14T23:45:44.341Z",6.9747
"2019-07-15T00:32:16.867Z",7.0389
"2019-07-15T00:34:58.899Z",7.0969
"2019-07-15T00:37:38.574Z",7.3024
"2019-07-15T01:34:29.366Z",7.0417
"2019-07-15T03:24:44.755Z",7.1107
"2019-07-15T05:12:09.936Z",7.0458
"2019-07-15T05:17:14.213Z",6.9263
"2019-07-15T05:58:38.597Z",6.9788
"2019-07-15T06:57:24.696Z",7.0595
"2019-07-15T09:56:33.628Z",7.1096
"2019-07-15T10:50:45.289Z",7.1499
"2019-07-15T14:17:36.588Z",7.1876
"2019-07-15T14:19:47.200Z",7.2549
"2019-07-15T16:00:59.531Z",7.2943
"2019-07-15T18:04:25.377Z",7.2125
"2019-07-16T07:30:36.379Z",7.1169
"2019-07-16T08:48:48.225Z",7.2249
"2019-07-16T12:32:59.421Z",7.1204
"2019-07-16T16:18:14.598Z",6.9453
"2019-07-16T17:05:59.629Z",6.6813
"2019-07-16T19:56:41.676Z",6.9673
"2019-07-16T23:05:09.630Z",6.7178
"2019-07-17T10:43:05.755Z",6.9140
"2019-07-17T14:03:47.420Z",7.1370
"2019-07-18T12:54:08.246Z",6.9859
"2019-07-18T14:38:17.404Z",7.2486
"2019-07-19T12:57:27.809Z",7.4324
"2019-07-19T13:03:27.776Z",7.2428
"2019-07-20T02:51:00.629Z",7.4203
"2019-07-20T16:12:41.295Z",7.6133
"2019-07-20T18:19:28.854Z",7.7974
"2019-07-21T03:03:19.904Z",7.5437
"2019-07-21T16:26:54.152Z",7.4309
"2019-07-21T18:58:36.616Z",7.5309
"2019-07-22T10:10:58.260Z",7.4030
"2019-07-23T01:54:27.418Z",7.2927
"2019-07-23T08:56:09.055Z",7.1918
"2019-07-23T19:16:21.902Z",7.2602
"2019-07-24T00:03:09.192Z",7.1572
"2019-07-24T14:31:46.423Z",7.2441
"2019-07-24T15:36:21.295Z",7.3446
"2019-07-25T04:38:23.441Z",7.4444
"2019-07-25T06:54:34.700Z",7.3407
"2019-07-25T19:52:53.873Z",7.2559
"2019-07-26T00:19:00.555Z",7.2015
"2019-07-26T10:31:33.688Z",7.2839
"2019-07-26T16:31:28.142Z",7.3792
"2019-07-27T00:13:59.369Z",7.5106
"2019-07-27T09:54:38.067Z",7.4465
"2019-07-27T10:25:01.966Z",7.3139
"2019-07-28T04:39:31.410Z",7.2525
"2019-07-28T10:30:45.059Z",7.1680
"2019-07-28T22:29:01.140Z",7.1151
"2019-07-28T22:31:52.919Z",7.0127
"2019-07-28T22:52:09.515Z",7.1173
"2019-07-30T10:53:32.535Z",7.1656
"2019-07-30T11:07:18.468Z",7.3173
"2019-07-31T10:39:21.426Z",7.3863
"2019-07-31T12:55:48.146Z",7.4482
"2019-07-31T14:10:18.424Z",7.3702
"2019-07-31T19:47:03.011Z",7.3023
"2019-07-31T20:17:22.825Z",7.3510
"2019-07-31T23:26:39.223Z",7.3929
"2019-08-01T05:54:55.249Z",7.3284
"2019-08-01T12:17:57.935Z",7.3825
"2019-08-01T13:44:47.698Z",7.3331
"2019-08-02T16:19:36.922Z",7.2947
"2019-08-02T16:51:10.676Z",7.2160
"2019-08-02T18:30:30.408Z",7.2833
"2019-08-03T04:52:07.816Z",7.3429
"2019-08-03T05:47:18.925Z",7.2957
"2019-08-03T05:47:18.938Z",7.2990
"2019-08-03T06:48:18.885Z",7.3197
"2019-08-03T06:48:18.898Z",7.3236
"2019-08-03T08:52:19.726Z",7.3181
"2019-08-03T09:13:19.078Z",7.3265
"2019-08-03T09:13:19.093Z",7.3293
"2019-08-03T10:12:20.260Z",7.3365
"2019-08-03T10:41:19.213Z",7.3275
"2019-08-03T10:41:19.227Z",7.3302
"2019-08-03T10:41:19.243Z",7.3328
"2019-08-03T15:30:11.298Z",7.4104
"2019-08-03T15:47:06.289Z",7.4027
"2019-08-03T16:23:17.198Z",7.3970
"2019-08-03T19:52:59.858Z",7.3859
"2019-08-03T21:40:33.627Z",7.3754
"2019-08-03T21:49:21.542Z",7.3749
"2019-08-04T03:36:31.047Z",7.3788
"2019-08-04T03:41:23.551Z",7.3734
"2019-08-04T03:43:25.984Z",7.3758
"2019-08-04T06:17:13.126Z",7.3339
"2019-08-04T11:58:01.400Z",7.4051
"2019-08-04T13:11:52.567Z",7.4650
"2019-08-04T15:52:55.596Z",7.4151
"2019-08-04T18:14:31.684Z",7.4570
"2019-08-04T23:03:19.529Z",7.4460
"2019-08-04T23:33:19.831Z",7.4584
"2019-08-04T23:47:19.344Z",7.4459
"2019-08-05T02:09:19.813Z",7.4523
"2019-08-05T02:46:19.974Z",7.4515
"2019-08-05T04:39:20.155Z",7.4836
"2019-08-05T05:22:19.509Z",7.4867
"2019-08-05T06:04:19.549Z",7.4564
"2019-08-05T09:01:20.084Z",7.4854
"2019-08-05T09:01:20.096Z",7.4858
"2019-08-05T09:01:20.107Z",7.4862
"2019-08-05T10:22:20.578Z",7.5398
"2019-08-05T12:48:13.548Z",7.5714
"2019-08-05T14:49:57.617Z",7.5759
"2019-08-05T16:22:49.150Z",7.5775
"2019-08-05T17:14:10.966Z",7.5708
"2019-08-05T19:11:50.596Z",7.5216
"2019-08-05T20:37:17.567Z",7.5233
"2019-08-05T23:00:35.742Z",7.5129
"2019-08-05T23:09:35.295Z",7.4841
"2019-08-06T00:07:22.611Z",7.3841
"2019-08-06T06:05:23.282Z",7.3855
"2019-08-06T10:33:29.560Z",7.3837
"2019-08-06T11:22:16.455Z",7.3203
"2019-08-06T16:03:09.477Z",7.2718
"2019-08-06T19:29:58.762Z",7.2125
"2019-08-07T15:05:36.693Z",7.1147
"2019-08-09T04:59:21.634Z",7.0947
"2019-08-09T07:22:36.611Z",7.0489
"2019-08-09T09:42:36.777Z",6.9646
"2019-08-09T16:20:31.169Z",6.8846
"2019-08-09T16:58:40.713Z",6.8118
"2019-08-09T18:31:10.205Z",6.8529
"2019-08-09T22:24:22.605Z",6.8838
"2019-08-10T00:17:17.873Z",6.9172
"2019-08-10T00:57:02.474Z",6.9828
"2019-08-10T05:00:23.766Z",7.0238
"2019-08-10T11:27:38.570Z",6.9891
"2019-08-10T17:39:23.481Z",7.0227
"2019-08-10T18:42:25.879Z",7.0673
"2019-08-10T20:28:37.419Z",7.0203
"2019-08-11T06:52:31.845Z",6.9762
"2019-08-11T12:23:26.463Z",6.9340
"2019-08-11T13:10:08.532Z",6.9681
"2019-08-11T17:00:03.106Z",6.9977
"2019-08-11T17:10:33.092Z",7.0491
"2019-08-11T18:48:29.495Z",7.0945
"2019-08-11T21:58:24.159Z",7.0560
"2019-08-12T06:44:16.975Z",7.0256
"2019-08-12T08:03:02.092Z",6.9776
"2019-08-12T10:41:33.111Z",7.0061
"2019-08-12T11:57:14.970Z",6.9702
"2019-08-12T15:18:20.606Z",7.0084
"2019-08-13T08:48:00.761Z",6.9647
"2019-08-13T09:34:42.457Z",6.9423
"2019-08-13T10:34:21.083Z",6.9004
"2019-08-13T13:10:14.328Z",6.9231
"2019-08-13T14:10:15.391Z",6.8996
"2019-08-13T15:01:37.943Z",6.8752
"2019-08-13T19:43:20.356Z",6.9067
"2019-08-14T04:38:03.864Z",6.9336
"2019-08-14T06:30:21.594Z",6.9645
"2019-08-14T06:32:26.151Z",7.0773
"2019-08-14T06:33:45.148Z",6.9381
"2019-08-14T06:51:50.204Z",6.8924
"2019-08-14T08:45:17.727Z",6.8257
"2019-08-14T14:46:30.337Z",6.8042
"2019-08-14T16:24:19.254Z",6.7809
"2019-08-14T16:27:22.063Z",6.7240
"2019-08-14T16:41:05.411Z",6.7730
"2019-08-14T17:07:52.399Z",6.6940
"2019-08-14T17:10:02.955Z",6.5153
"2019-08-14T17:12:19.684Z",6.0973
"2019-08-14T20:42:36.867Z",6.2775
"2019-08-14T23:33:02.865Z",6.0949
"2019-08-15T04:28:02.361Z",5.9209
"2019-08-15T07:54:44.409Z",6.0944
"2019-08-15T09:42:33.641Z",6.2681
"2019-08-15T10:01:15.294Z",6.1634
"2019-08-15T10:17:05.493Z",6.2000
"2019-08-15T11:55:39.953Z",6.2212
"2019-08-15T12:31:48.847Z",6.1906
"2019-08-15T12:46:34.634Z",6.1274
"2019-08-15T15:50:43.936Z",6.1658
"2019-08-15T16:07:05.374Z",6.2341
"2019-08-15T16:13:25.320Z",6.2040
"2019-08-15T20:35:35.941Z",6.2419
"2019-08-15T20:40:41.783Z",6.2041
"2019-08-15T22:30:35.047Z",6.2304
"2019-08-16T02:52:23.614Z",6.2049
"2019-08-16T03:27:46.951Z",6.1818
"2019-08-16T04:47:36.235Z",6.1288
"2019-08-16T05:14:39.649Z",6.0968
"2019-08-16T05:37:33.803Z",6.0254
"2019-08-16T07:31:01.868Z",6.0589
"2019-08-16T08:32:48.809Z",6.1153
"2019-08-16T11:35:24.480Z",6.0794
"2019-08-16T12:33:51.024Z",6.1260
"2019-08-17T04:09:30.679Z",6.1034
"2019-08-17T05:45:55.345Z",6.1387
"2019-08-17T05:57:45.423Z",6.1754
"2019-08-17T08:32:09.168Z",6.2065
"2019-08-17T11:40:03.662Z",6.2229
"2019-08-17T11:42:06.423Z",6.2591
"2019-08-17T12:00:49.143Z",6.2368
"2019-08-17T13:34:52.008Z",6.2199
"2019-08-17T14:26:11.692Z",6.1949
"2019-08-17T17:19:57.270Z",6.1782
"2019-08-18T08:21:13.094Z",6.2152
"2019-08-18T09:29:19.615Z",6.2563
"2019-08-18T09:58:59.480Z",6.3357
"2019-08-18T10:09:37.822Z",6.5168
"2019-08-18T10:18:02.870Z",6.4660
"2019-08-18T13:15:17.956Z",6.5365
"2019-08-18T16:43:41.499Z",6.5902
"2019-08-18T16:50:49.060Z",6.7183
"2019-08-18T22:23:00.695Z",6.6408
"2019-08-19T00:15:54.558Z",6.5878
"2019-08-19T03:57:46.915Z",6.6469
"2019-08-19T07:10:36.120Z",6.7039
"2019-08-19T09:32:48.561Z",6.6895
"2019-08-19T09:35:34.095Z",6.6674
"2019-08-19T10:41:46.190Z",6.6878
"2019-08-19T12:02:23.512Z",6.6633
"2019-08-19T12:24:39.980Z",6.6189
"2019-08-19T15:13:06.833Z",6.6002
"2019-08-19T15:18:32.661Z",6.5661
"2019-08-19T15:45:03.375Z",6.5854
"2019-08-19T16:20:00.302Z",6.5575
"2019-08-19T16:23:32.904Z",6.5229
"2019-08-19T16:49:31.845Z",6.4988
"2019-08-19T19:21:35.455Z",6.5292
"2019-08-19T19:38:04.991Z",6.4908
"2019-08-19T22:24:34.163Z",6.5253
"2019-08-19T23:50:11.285Z",6.5591
"2019-08-20T01:50:40.382Z",6.5257
"2019-08-20T05:40:42.480Z",6.4937
"2019-08-20T06:59:45.137Z",6.5280
"2019-08-20T08:46:52.974Z",6.5014
"2019-08-20T08:48:29.043Z",6.4178
"2019-08-20T11:16:49.407Z",6.3867
"2019-08-20T13:10:05.400Z",6.4020
"2019-08-20T15:07:06.992Z",6.3758
"2019-08-20T17:21:36.906Z",6.3485
"2019-08-20T18:47:54.032Z",6.3795
"2019-08-21T02:35:12.986Z",6.3538
"2019-08-21T02:37:19.281Z",6.3395
"2019-08-21T03:34:23.537Z",6.2963
"2019-08-21T03:45:42.440Z",6.2022
"2019-08-21T08:34:35.863Z",6.1451
"2019-08-21T09:37:35.588Z",6.1879
"2019-08-21T10:43:48.860Z",6.1473
"2019-08-21T12:28:38.618Z",6.1166
"2019-08-21T15:26:18.147Z",6.1655
"2019-08-21T16:06:06.123Z",6.1175
"2019-08-21T16:28:54.298Z",6.1697
"2019-08-22T01:54:58.725Z",6.1350
"2019-08-22T04:27:01.142Z",6.1695
"2019-08-22T08:36:46.573Z",6.1397
"2019-08-22T10:10:24.058Z",6.1691
"2019-08-22T12:09:10.697Z",6.1943
"2019-08-22T12:13:41.699Z",6.2773
"2019-08-22T13:10:05.513Z",6.3676
"2019-08-22T17:51:58.511Z",6.3955
"2019-08-22T18:18:03.713Z",6.3646
"2019-08-23T00:11:19.780Z",6.3262
"2019-08-23T04:42:04.178Z",6.3569
"2019-08-23T04:42:04.239Z",6.4147
"2019-08-23T05:37:53.367Z",6.3847
"2019-08-23T06:35:48.635Z",6.3391
"2019-08-23T06:53:14.307Z",6.3754
"2019-08-23T10:50:24.423Z",6.4007
"2019-08-23T14:05:21.490Z",6.4261
"2019-08-23T16:40:33.870Z",6.4491
"2019-08-23T21:42:40.488Z",6.4773
"2019-08-24T02:18:50.733Z",6.4513
"2019-08-24T06:08:11.242Z",6.3898
"2019-08-24T06:08:11.268Z",6.3905
"2019-08-24T08:16:17.308Z",6.3672
"2019-08-24T09:18:57.282Z",6.3458
"2019-08-24T09:20:45.231Z",6.2926
"2019-08-24T11:00:12.416Z",6.3174
"2019-08-24T13:10:06.314Z",6.3356
"2019-08-24T15:10:32.770Z",6.3125
"2019-08-24T18:49:21.134Z",6.3355
"2019-08-24T19:04:07.600Z",6.3516
"2019-08-24T20:01:10.818Z",6.3567
"2019-08-25T01:50:18.063Z",6.3462
"2019-08-25T01:53:07.040Z",6.3274
"2019-08-25T07:27:24.819Z",6.3500
"2019-08-25T07:31:53.266Z",6.3636
"2019-08-25T07:33:52.535Z",6.4115
"2019-08-25T12:54:34.027Z",6.4261
"2019-08-25T14:26:59.096Z",6.4144
"2019-08-25T14:29:32.313Z",6.3623
"2019-08-25T16:03:46.679Z",6.3693
"2019-08-25T19:35:48.555Z",6.3579
"2019-08-25T19:46:47.001Z",6.3261
"2019-08-25T21:54:22.937Z",6.2907
"2019-08-26T00:07:03.557Z",6.3023
"2019-08-26T00:17:04.678Z",6.3384
"2019-08-26T00:28:06.374Z",6.3609
"2019-08-26T00:31:44.895Z",6.4327
"2019-08-26T02:13:39.381Z",6.4212
"2019-08-26T03:32:17.256Z",6.4173
"2019-08-26T03:55:52.893Z",6.3736
"2019-08-26T04:34:52.584Z",6.3834
"2019-08-26T05:14:36.264Z",6.3688
"2019-08-26T05:20:52.949Z",6.3372
"2019-08-26T07:36:41.167Z",6.3441
"2019-08-26T08:18:37.026Z",6.2976
"2019-08-26T08:43:50.520Z",6.3045
"2019-08-26T13:02:05.571Z",6.3244
"2019-08-26T15:24:53.094Z",6.3409
"2019-08-26T16:11:07.948Z",6.3137
"2019-08-26T17:32:16.682Z",6.2986
"2019-08-26T20:22:43.257Z",6.2817
"2019-08-27T00:29:33.959Z",6.2663
"2019-08-27T02:25:44.798Z",6.2499
"2019-08-27T05:28:39.913Z",6.2717
"2019-08-27T09:21:52.259Z",6.2812
"2019-08-27T12:01:12.148Z",6.2665
"2019-08-27T12:22:12.142Z",6.2386
"2019-08-27T13:10:13.403Z",6.2537
"2019-08-27T22:25:37.574Z",6.2562
"2019-08-27T23:25:01.196Z",6.2654
"2019-08-27T23:33:07.563Z",6.2867
"2019-08-28T03:27:13.907Z",6.2726
"2019-08-28T04:08:49.825Z",6.2491
"2019-08-28T05:54:31.868Z",6.2628
"2019-08-28T07:49:00.813Z",6.2494
"2019-08-28T08:25:56.550Z",6.2283
"2019-08-28T12:50:52.704Z",6.2456
"2019-08-28T12:53:13.013Z",6.2866
"2019-08-28T15:28:39.159Z",6.2690
"2019-08-28T16:43:13.367Z",6.2621
"2019-08-28T17:56:33.640Z",6.2301
"2019-08-28T18:04:40.787Z",6.1445
"2019-08-28T21:30:46.448Z",6.0087
"2019-08-29T03:17:29.079Z",5.9706
"2019-08-29T17:18:33.762Z",5.9866
"2019-08-29T17:26:24.649Z",6.0241
"2019-08-29T19:55:45.120Z",6.0949
"2019-08-29T21:27:36.808Z",6.0636
"2019-08-29T23:14:28.591Z",6.0302
"2019-08-30T00:33:10.537Z",5.9746
"2019-08-30T05:49:07.345Z",6.0109
"2019-08-30T11:30:18.876Z",6.0231
"2019-08-30T12:04:01.915Z",6.0336
"2019-08-30T12:07:22.633Z",6.0701
"2019-08-30T18:06:38.532Z",6.0868
"2019-08-30T19:48:48.184Z",6.0644
"2019-08-30T22:03:16.715Z",6.0505
"2019-08-31T01:19:58.578Z",6.0609
"2019-08-31T04:56:26.696Z",6.0715
"2019-08-31T08:33:07.058Z",6.0877
"2019-08-31T13:10:04.753Z",6.0948
"2019-08-31T17:02:41.135Z",6.1023
"2019-08-31T18:45:24.825Z",6.0900
"2019-08-31T19:00:17.582Z",6.0826
"2019-08-31T21:54:43.319Z",6.0947
"2019-08-31T21:59:15.231Z",6.1203
"2019-09-01T08:23:17.024Z",6.1025
"2019-09-01T21:11:58.964Z",6.1154
"2019-09-01T22:39:11.198Z",6.1232
"2019-09-02T01:17:30.642Z",6.1048
"2019-09-02T08:20:08.877Z",6.0764
"2019-09-02T10:59:43.148Z",6.0894
"2019-09-02T11:40:22.578Z",6.0765
"2019-09-02T12:56:08.276Z",6.0972
"2019-09-02T13:21:03.021Z",6.1178
"2019-09-02T16:29:35.206Z",6.0991
"2019-09-02T17:19:55.024Z",6.1283
"2019-09-02T18:11:25.924Z",6.1555
"2019-09-02T18:16:16.930Z",6.2114
"2019-09-02T18:22:04.558Z",6.4223
"2019-09-02T18:32:54.167Z",6.2663
"2019-09-02T19:09:09.802Z",6.2287
"2019-09-02T23:41:04.024Z",6.2100
"2019-09-03T06:56:32.977Z",6.2251
"2019-09-03T09:59:09.102Z",6.1944
"2019-09-03T13:07:34.702Z",6.2172
"2019-09-03T13:39:31.839Z",6.2582
"2019-09-03T15:07:20.736Z",6.2376
"2019-09-03T17:46:09.756Z",6.2155
"2019-09-03T21:12:23.289Z",6.2019
"2019-09-03T22:06:23.413Z",6.2231
"2019-09-04T00:09:27.371Z",6.1997
"2019-09-04T02:39:27.236Z",6.1873
"2019-09-04T05:10:22.887Z",6.1707
"2019-09-04T08:12:26.711Z",6.1511
"2019-09-04T08:49:59.801Z",6.1281
"2019-09-04T12:19:50.016Z",6.1184
"2019-09-04T13:00:37.383Z",6.1015
"2019-09-05T05:33:56.645Z",6.1150
"2019-09-05T07:22:58.219Z",6.1006
"2019-09-05T08:10:28.777Z",6.1145
"2019-09-05T09:56:38.077Z",6.1003
"2019-09-05T10:12:04.410Z",6.0672
"2019-09-05T14:26:38.133Z",6.0510
"2019-09-06T05:30:56.256Z",6.0683
"2019-09-06T06:26:28.184Z",6.0889
"2019-09-06T07:43:55.196Z",6.0689
"2019-09-06T13:10:04.172Z",6.0830
"2019-09-06T13:12:33.300Z",6.1151
"2019-09-06T14:34:44.999Z",6.1745
"2019-09-06T14:44:28.238Z",6.3727
"2019-09-06T14:55:45.421Z",6.1593
"2019-09-06T17:47:30.144Z",6.1433
"2019-09-07T16:10:59.991Z",6.1291
"2019-09-07T17:11:39.711Z",6.1485
"2019-09-07T19:19:37.076Z",6.1671
"2019-09-08T03:30:26.547Z",6.1826
"2019-09-08T04:32:49.165Z",6.2137
"2019-09-08T06:18:45.897Z",6.1959
"2019-09-08T08:22:14.964Z",6.1734
"2019-09-08T10:27:17.181Z",6.1992
"2019-09-08T11:06:03.500Z",6.1809
"2019-09-08T11:07:35.763Z",6.1255
"2019-09-08T14:50:32.054Z",6.1776
"2019-09-08T15:01:22.232Z",6.2130
"2019-09-08T15:16:04.796Z",6.1875
"2019-09-08T19:50:44.696Z",6.2093
"2019-09-08T21:36:38.873Z",6.1903
"2019-09-09T02:59:12.004Z",6.1794
"2019-09-09T04:02:35.981Z",6.1591
"2019-09-09T07:07:55.003Z",6.1292
"2019-09-09T08:05:51.051Z",6.0913
"2019-09-09T08:41:45.986Z",6.1115
"2019-09-09T09:10:23.883Z",6.1449
"2019-09-09T11:23:25.472Z",6.2280
"2019-09-09T15:42:05.314Z",6.1863
"2019-09-09T16:17:40.954Z",6.2248
"2019-09-09T16:20:33.575Z",6.3424
"2019-09-09T16:22:40.374Z",6.2922
"2019-09-09T16:30:06.865Z",6.2142
"2019-09-09T16:31:05.904Z",6.4074
"2019-09-10T08:16:02.959Z",6.2572
"2019-09-10T09:26:10.044Z",6.1775
"2019-09-10T13:10:06.053Z",6.2092
"2019-09-10T14:22:12.825Z",6.1780
"2019-09-10T16:28:22.331Z",6.1452
"2019-09-10T19:23:46.124Z",6.1137
"2019-09-10T20:25:24.240Z",6.0502
"2019-09-11T00:15:47.550Z",6.0887
"2019-09-11T05:22:21.754Z",6.0513
"2019-09-11T09:23:07.206Z",6.0179
"2019-09-11T10:41:02.014Z",6.0561
"2019-09-11T16:07:46.190Z",6.0078
"2019-09-11T22:33:59.652Z",6.0491
"2019-09-12T06:41:57.608Z",6.0050
"2019-09-12T12:40:50.399Z",6.0476
"2019-09-12T16:27:20.415Z",5.9989
"2019-09-13T10:26:36.065Z",5.9756
"2019-09-13T16:01:56.406Z",6.0051
"2019-09-13T18:53:34.768Z",6.0411
"2019-09-13T19:50:53.456Z",6.0063
"2019-09-14T06:50:36.899Z",6.0304
"2019-09-14T12:07:56.662Z",6.0493
"2019-09-14T13:06:45.092Z",6.1081
"2019-09-14T19:25:44.437Z",6.1650
"2019-09-15T10:20:55.000Z",6.1763
"2019-09-15T13:10:07.242Z",6.2012
"2019-09-15T14:44:22.195Z",6.1752
"2019-09-15T18:24:47.443Z",6.1470
"2019-09-16T01:09:43.096Z",6.1768
"2019-09-16T04:53:57.837Z",6.1972
"2019-09-16T08:52:02.266Z",6.1761
"2019-09-16T12:06:33.230Z",6.1576
"2019-09-16T16:14:19.159Z",6.1301
"2019-09-16T19:55:35.335Z",6.1569
"2019-09-17T05:54:27.842Z",6.1764
"2019-09-17T07:09:09.048Z",6.2213
"2019-09-17T12:03:36.636Z",6.2996
"2019-09-17T12:57:48.945Z",6.4739
"2019-09-17T14:53:19.117Z",6.5756
"2019-09-17T16:40:43.569Z",6.8591
"2019-09-17T17:04:41.564Z",6.8187
"2019-09-17T18:38:49.585Z",6.7206
"2019-09-17T19:21:06.809Z",6.7855
"2019-09-17T23:39:25.681Z",6.7304
"2019-09-18T00:22:46.000Z",6.7796
"2019-09-18T00:52:07.810Z",6.9191
"2019-09-18T04:34:33.086Z",6.8464
"2019-09-18T04:36:42.959Z",7.0632
"2019-09-18T08:36:23.511Z",7.2287
"2019-09-18T08:46:02.909Z",7.1632
"2019-09-18T12:59:06.177Z",7.2644
"2019-09-18T14:22:17.770Z",7.5127
"2019-09-18T15:14:15.647Z",7.4270
"2019-09-18T16:51:59.574Z",7.2460
"2019-09-18T18:30:13.947Z",7.3968
"2019-09-19T00:12:01.132Z",7.2698
"2019-09-19T03:02:54.104Z",7.0862
"2019-09-19T08:06:32.028Z",6.9762
"2019-09-19T11:50:12.149Z",6.8637
"2019-09-19T16:25:43.174Z",6.9623
"2019-09-19T17:12:10.914Z",7.1460
"2019-09-19T20:48:29.357Z",7.0622
"2019-09-20T00:57:58.784Z",6.9778
"2019-09-20T10:14:49.998Z",6.9128
"2019-09-20T17:02:03.259Z",6.8483
"2019-09-21T01:03:51.085Z",6.9243
"2019-09-21T09:50:55.323Z",6.8459
"2019-09-22T01:06:58.784Z",6.7765
"2019-09-22T05:25:16.563Z",6.6013
"2019-09-22T16:36:28.040Z",6.5466
"2019-09-23T05:45:07.977Z",6.4843
"2019-09-23T10:25:57.483Z",6.5468
"2019-09-23T14:22:54.984Z",6.4806
"2019-09-23T15:02:35.288Z",6.5613
"2019-09-23T16:28:21.109Z",6.7414
"2019-09-23T17:46:19.435Z",6.6660
"2019-09-23T22:01:37.687Z",6.4366
"2019-09-24T03:06:03.954Z",6.3697
"2019-09-24T12:46:26.628Z",6.3149
"2019-09-24T17:01:15.045Z",6.1518
"2019-09-24T21:15:53.499Z",5.6575
"2019-09-25T08:02:46.286Z",5.5630
"2019-09-25T09:35:54.298Z",5.6559
"2019-09-25T13:37:24.338Z",5.7571
"2019-09-25T17:21:59.018Z",5.8582
"2019-09-26T02:17:10.144Z",5.7677
"2019-09-26T08:26:51.012Z",5.8417
"2019-09-26T12:31:20.667Z",5.9018
"2019-09-26T16:51:48.741Z",5.6197
"2019-09-26T22:38:00.132Z",5.7184
"2019-09-27T11:17:35.927Z",5.6471
"2019-09-27T12:41:43.689Z",5.7057
"2019-09-27T15:25:02.053Z",5.6267
"2019-09-27T16:39:17.046Z",5.6897
"2019-09-27T21:28:05.256Z",5.7594
"2019-09-29T06:48:13.292Z",5.6981
"2019-09-29T09:52:18.923Z",5.6527
"2019-09-29T11:06:47.018Z",5.6422
"2019-09-29T12:39:19.063Z",5.5941
"2019-09-29T16:38:12.487Z",5.6318
"2019-09-29T16:56:11.560Z",5.6501
"2019-09-29T18:54:23.655Z",5.6589
"2019-09-29T21:22:21.945Z",5.6664
"2019-09-29T21:47:58.995Z",5.6801
"2019-09-29T22:11:50.329Z",5.7005
"2019-09-29T22:26:59.684Z",5.7313
"2019-09-29T23:36:47.787Z",5.7158
"2019-09-30T00:09:53.561Z",5.7049
"2019-09-30T00:39:25.708Z",5.6898
"2019-09-30T01:09:44.294Z",5.6701
"2019-09-30T04:16:13.000Z",5.6573
"2019-09-30T05:25:02.093Z",5.6660
"2019-09-30T05:59:20.805Z",5.6787
"2019-09-30T08:22:44.158Z",5.6849
"2019-09-30T08:28:57.042Z",5.7039
"2019-09-30T09:16:49.840Z",5.7261
"2019-09-30T09:18:37.573Z",5.7792
"2019-09-30T09:21:59.182Z",5.8263
"2019-09-30T09:47:48.230Z",5.9489
"2019-09-30T10:54:17.293Z",6.0083
"2019-09-30T12:51:10.752Z",6.0798
"2019-09-30T13:32:04.182Z",6.1135
"2019-09-30T14:45:59.319Z",6.1300
"2019-09-30T16:21:54.519Z",6.1052
"2019-09-30T18:09:12.564Z",6.1352
"2019-09-30T19:09:19.281Z",6.1111
"2019-09-30T20:04:06.586Z",6.0949
"2019-09-30T20:07:03.909Z",6.0472
"2019-09-30T23:58:35.958Z",6.0731
"2019-10-01T01:48:52.649Z",6.0912
"2019-10-01T02:50:24.285Z",6.1704
"2019-10-01T04:06:19.325Z",6.1850
"2019-10-01T04:14:33.433Z",6.1608
"2019-10-01T05:09:04.318Z",6.1777
"2019-10-01T05:19:45.591Z",6.1594
"2019-10-01T05:43:27.129Z",6.1356
"2019-10-01T06:41:41.407Z",6.1206
"2019-10-01T07:15:11.652Z",6.1026
"2019-10-01T08:24:11.849Z",6.1251
"2019-10-01T09:29:10.270Z",6.1082
"2019-10-01T12:28:23.491Z",6.0961
"2019-10-01T12:43:45.195Z",6.0676
"2019-10-01T15:13:48.461Z",6.0453
"2019-10-01T15:34:40.589Z",6.0204
"2019-10-01T17:40:59.628Z",6.0089
"2019-10-01T18:01:16.187Z",5.9847
"2019-10-01T18:40:50.266Z",5.9328
"2019-10-01T19:08:45.707Z",5.8552
"2019-10-01T20:40:11.659Z",5.8846
"2019-10-01T21:02:35.736Z",5.9138
"2019-10-01T22:53:57.709Z",5.9283
"2019-10-02T01:42:06.096Z",5.9132
"2019-10-02T02:19:13.688Z",5.9002
"2019-10-02T03:09:56.165Z",5.8588
"2019-10-02T08:47:50.549Z",5.8743
"2019-10-02T12:31:23.547Z",5.8802
"2019-10-02T13:10:08.993Z",5.8868
"2019-10-02T13:14:25.784Z",5.9040
"2019-10-02T13:15:51.678Z",5.9325
"2019-10-02T13:20:31.301Z",5.9718
"2019-10-02T14:05:52.205Z",6.0089
"2019-10-02T14:40:46.840Z",5.9949
"2019-10-02T15:13:10.096Z",5.9777
"2019-10-02T15:17:14.428Z",5.9463
"2019-10-02T18:33:46.553Z",5.9408
"2019-10-02T20:14:30.126Z",5.9353
"2019-10-02T23:18:03.728Z",5.9469
"2019-10-02T23:51:58.775Z",5.9574
"2019-10-02T23:59:52.443Z",5.9884
"2019-10-03T01:16:27.601Z",5.9763
"2019-10-03T03:57:28.418Z",5.9689
"2019-10-03T05:43:51.679Z",5.9614
"2019-10-03T05:58:54.688Z",5.9418
"2019-10-03T06:57:28.663Z",5.9203
"2019-10-03T07:41:10.954Z",5.9027
"2019-10-03T10:34:08.726Z",5.8973
"2019-10-03T10:52:10.301Z",5.8850
"2019-10-03T12:16:50.900Z",5.8954
"2019-10-03T14:16:44.388Z",5.8802
"2019-10-03T14:20:30.839Z",5.8645
"2019-10-03T14:22:15.054Z",5.8224
"2019-10-03T14:43:00.459Z",5.7960
"2019-10-03T16:19:28.035Z",5.8061
"2019-10-03T19:03:27.853Z",5.8263
"2019-10-03T22:45:08.177Z",5.8453
"2019-10-03T23:12:43.005Z",5.8506
"2019-10-04T00:39:18.078Z",5.8409
"2019-10-04T01:20:47.823Z",5.8343
"2019-10-04T02:08:56.642Z",5.8441
"2019-10-04T02:17:34.590Z",5.8581
"2019-10-04T04:33:17.744Z",5.8478
"2019-10-04T05:04:10.691Z",5.8353
"2019-10-04T06:18:06.586Z",5.8482
"2019-10-04T07:24:03.857Z",5.8562
"2019-10-04T07:59:55.784Z",5.8668
"2019-10-04T09:03:32.342Z",5.8746
"2019-10-04T09:06:34.468Z",5.8974
"2019-10-04T09:20:43.593Z",5.9312
"2019-10-04T11:45:19.610Z",5.9391
"2019-10-04T12:55:42.718Z",5.9499
"2019-10-04T15:00:00.830Z",5.9593
"2019-10-04T15:43:18.102Z",5.9676
"2019-10-04T15:51:33.697Z",5.9893
"2019-10-04T16:08:24.271Z",6.0212
"2019-10-04T17:56:31.228Z",6.0293
"2019-10-04T19:12:33.648Z",6.0127
"2019-10-04T19:25:49.195Z",6.0266
"2019-10-04T21:05:06.772Z",6.0127
"2019-10-04T21:14:19.170Z",5.9882
"2019-10-05T02:02:43.679Z",5.9819
"2019-10-05T02:35:25.054Z",5.9745
"2019-10-05T04:22:39.199Z",5.9844
"2019-10-05T05:06:06.803Z",5.9894
"2019-10-05T08:20:22.669Z",5.9797
"2019-10-05T08:30:52.639Z",5.9670
"2019-10-05T12:13:52.768Z",5.9629
"2019-10-05T13:00:19.104Z",5.9574
"2019-10-05T13:31:52.644Z",5.9426
"2019-10-05T14:02:26.966Z",5.9521
"2019-10-05T14:27:03.063Z",5.9648
"2019-10-05T14:29:12.125Z",5.9820
"2019-10-05T15:34:28.524Z",5.9965
"2019-10-05T16:09:15.061Z",6.0097
"2019-10-05T16:23:27.984Z",5.9954
"2019-10-05T17:13:59.023Z",5.9886
"2019-10-05T20:00:31.068Z",5.9900
"2019-10-05T20:02:58.527Z",5.9508
"2019-10-05T20:06:16.007Z",5.9126
"2019-10-05T20:16:56.764Z",5.8775
"2019-10-05T20:26:27.672Z",5.8876
"2019-10-05T20:36:13.550Z",5.9018
"2019-10-05T21:03:43.640Z",5.9208
"2019-10-05T21:43:56.632Z",5.9461
"2019-10-06T04:58:02.257Z",5.9568
"2019-10-06T05:22:14.454Z",5.9682
"2019-10-06T05:30:51.750Z",5.9896
"2019-10-06T06:47:23.616Z",5.9792
"2019-10-06T07:03:50.858Z",5.9459
"2019-10-06T08:59:31.439Z",5.9394
"2019-10-06T13:10:08.670Z",5.9486
"2019-10-06T14:07:25.219Z",5.9386
"2019-10-06T15:17:16.396Z",5.9482
"2019-10-06T15:24:25.465Z",5.9615
"2019-10-06T15:31:45.139Z",5.9766
"2019-10-06T16:17:20.659Z",5.9900
"2019-10-06T17:07:59.333Z",6.0046
"2019-10-06T17:26:32.479Z",5.9967
"2019-10-06T18:16:21.132Z",5.9935
"2019-10-06T18:37:50.174Z",5.9856
"2019-10-06T18:43:01.722Z",5.9499
"2019-10-06T22:32:42.015Z",5.9524
"2019-10-06T23:38:20.805Z",5.9638
"2019-10-06T23:48:35.479Z",5.9750
"2019-10-06T23:50:59.723Z",5.9900
"2019-10-07T02:03:26.834Z",5.9891
"2019-10-07T03:04:54.433Z",5.9949
"2019-10-07T03:08:47.751Z",6.0594
"2019-10-07T03:10:23.062Z",6.1350
"2019-10-07T03:12:21.565Z",6.1145
"2019-10-07T03:13:40.615Z",6.2426
"2019-10-07T03:17:25.046Z",6.2082
"2019-10-07T06:02:59.379Z",6.1649
"2019-10-07T06:21:26.443Z",6.2145
"2019-10-07T07:42:45.480Z",6.2210
"2019-10-07T08:15:41.638Z",6.3092
"2019-10-07T08:39:25.179Z",6.2928
"2019-10-07T10:19:52.372Z",6.3502
"2019-10-07T11:00:55.272Z",6.4246
"2019-10-07T11:25:05.331Z",6.5379
"2019-10-07T14:37:42.087Z",6.4934
"2019-10-07T15:16:16.091Z",6.5497
"2019-10-07T17:31:01.310Z",6.4911
"2019-10-07T18:48:17.718Z",6.4482
"2019-10-08T01:38:43.998Z",6.4634
"2019-10-08T01:47:12.815Z",6.4904
"2019-10-08T01:58:37.182Z",6.5326
"2019-10-08T02:03:12.991Z",6.5935
"2019-10-08T05:06:49.371Z",6.5803
"2019-10-08T05:34:11.875Z",6.5601
"2019-10-08T07:50:02.624Z",6.5444
"2019-10-08T07:59:02.338Z",6.5161
"2019-10-08T08:23:04.102Z",6.4811
"2019-10-08T09:36:55.543Z",6.4587
"2019-10-08T10:35:24.842Z",6.4735
"2019-10-08T12:17:17.442Z",6.4613
"2019-10-08T12:22:35.648Z",6.4408
"2019-10-08T13:10:07.453Z",6.4546
"2019-10-08T14:03:36.924Z",6.4374
"2019-10-08T14:13:39.334Z",6.4107
"2019-10-08T15:01:56.412Z",6.4255
"2019-10-08T16:16:16.837Z",6.4370
"2019-10-08T17:15:25.239Z",6.4495
"2019-10-08T17:22:41.458Z",6.4797
"2019-10-08T17:33:58.237Z",6.5333
"2019-10-08T19:12:26.819Z",6.5487
"2019-10-08T19:39:03.676Z",6.5253
"2019-10-08T20:01:02.525Z",6.5006
"2019-10-08T20:43:03.752Z",6.4788
"2019-10-08T22:30:08.446Z",6.5000
"2019-10-08T22:46:04.091Z",6.5220
"2019-10-08T23:22:12.789Z",6.5059
"2019-10-09T00:15:01.344Z",6.5279
"2019-10-09T02:05:22.195Z",6.5017
"2019-10-09T03:30:11.426Z",6.4855
"2019-10-09T04:15:12.080Z",6.4791
"2019-10-09T07:18:28.833Z",6.4982
"2019-10-09T07:20:22.210Z",6.5286
"2019-10-09T09:02:03.782Z",6.5357
"2019-10-09T09:19:06.321Z",6.5229
"2019-10-09T10:02:45.042Z",6.5388
"2019-10-09T10:33:41.458Z",6.5543
"2019-10-09T13:10:05.365Z",6.5630
"2019-10-09T13:45:29.331Z",6.5717
"2019-10-09T13:56:45.387Z",6.5933
"2019-10-09T14:54:38.908Z",6.6184
"2019-10-09T15:01:58.029Z",6.6554
"2019-10-09T15:18:49.057Z",6.6366
"2019-10-09T15:25:34.101Z",6.5988
"2019-10-09T17:19:19.172Z",6.5872
"2019-10-09T17:27:32.319Z",6.5559
"2019-10-09T17:28:42.507Z",6.6042
"2019-10-09T17:40:02.534Z",6.5490
"2019-10-09T18:07:29.348Z",6.5667
"2019-10-09T18:13:59.444Z",6.6032
"2019-10-09T19:05:29.202Z",6.5845
"2019-10-09T20:18:49.679Z",6.6038
"2019-10-09T20:29:31.110Z",6.5842
"2019-10-09T21:21:43.837Z",6.6056
"2019-10-10T01:11:53.396Z",6.5623
"2019-10-10T01:31:35.129Z",6.5298
"2019-10-10T02:25:18.633Z",6.5034
"2019-10-10T08:41:02.778Z",6.4763
"2019-10-10T09:17:08.696Z",6.4412
"2019-10-10T09:52:45.293Z",6.4053
"2019-10-10T10:01:23.936Z",6.3363
"2019-10-10T11:18:33.718Z",6.3512
"2019-10-10T11:21:49.213Z",6.3797
"2019-10-10T12:15:39.777Z",6.3644
"2019-10-10T13:22:59.515Z",6.3340
"2019-10-10T13:38:19.968Z",6.3503
"2019-10-10T13:55:34.295Z",6.3766
"2019-10-10T14:48:44.690Z",6.3959
"2019-10-10T15:40:38.302Z",6.4086
"2019-10-10T18:29:01.480Z",6.4192
"2019-10-10T21:22:14.121Z",6.4344
"2019-10-10T22:14:43.277Z",6.4168
"2019-10-10T23:41:59.614Z",6.3881
"2019-10-11T00:32:43.495Z",6.3683
"2019-10-11T04:31:11.798Z",6.3847
"2019-10-11T04:42:53.615Z",6.4093
"2019-10-11T04:45:32.931Z",6.4532
"2019-10-11T05:15:37.472Z",6.4234
"2019-10-11T05:17:27.091Z",6.3672
"2019-10-11T06:03:08.093Z",6.3323
"2019-10-11T07:08:21.083Z",6.3032
"2019-10-11T07:44:40.019Z",6.2926
"2019-10-11T09:09:55.386Z",6.3074
"2019-10-11T10:40:46.989Z",6.3174
"2019-10-11T11:55:16.444Z",6.2758
"2019-10-11T12:41:20.202Z",6.2961
"2019-10-11T13:10:07.993Z",6.3163
"2019-10-11T13:45:46.187Z",6.3295
"2019-10-11T17:42:05.235Z",6.2932
"2019-10-11T23:47:28.208Z",6.2831
"2019-10-12T01:12:58.818Z",6.2964
"2019-10-12T01:27:11.640Z",6.3160
"2019-10-12T02:02:21.018Z",6.3397
"2019-10-12T05:02:39.975Z",6.3481
"2019-10-12T05:28:49.182Z",6.3775
"2019-10-12T06:04:33.961Z",6.4002
"2019-10-12T06:33:44.758Z",6.4439
"2019-10-12T10:07:16.160Z",6.3950
"2019-10-12T12:23:18.741Z",6.4072
"2019-10-12T12:58:41.641Z",6.4170
"2019-10-12T13:10:08.465Z",6.4371
"2019-10-12T15:32:18.569Z",6.4209
"2019-10-12T16:12:03.846Z",6.4109
"2019-10-12T18:13:38.742Z",6.3926
"2019-10-12T19:01:51.072Z",6.3836
"2019-10-12T20:50:01.558Z",6.3944
"2019-10-12T21:54:43.355Z",6.3831
"2019-10-12T21:55:47.695Z",6.4008
"2019-10-13T00:53:19.667Z",6.4068
"2019-10-13T01:19:36.040Z",6.4205
"2019-10-13T01:26:00.945Z",6.4398
"2019-10-13T06:23:56.638Z",6.4448
"2019-10-13T07:24:52.344Z",6.4498
"2019-10-13T07:46:33.474Z",6.4627
"2019-10-13T07:49:25.567Z",6.4882
"2019-10-13T07:54:16.731Z",6.5183
"2019-10-13T12:40:33.253Z",6.5346
"2019-10-13T16:01:17.313Z",6.5498
"2019-10-13T20:11:51.338Z",6.5318
"2019-10-13T20:16:28.312Z",6.4956
"2019-10-13T20:24:21.038Z",6.4717
"2019-10-13T20:47:52.594Z",6.4466
"2019-10-13T22:50:13.111Z",6.4564
"2019-10-14T01:02:28.823Z",6.4606
"2019-10-14T01:09:46.972Z",6.4719
"2019-10-14T01:23:09.805Z",6.4886
"2019-10-14T01:42:52.338Z",6.5105
"2019-10-14T01:50:55.766Z",6.5394
"2019-10-14T01:54:04.137Z",6.5762
"2019-10-14T02:24:56.458Z",6.6081
"2019-10-14T05:16:01.849Z",6.6154
"2019-10-14T05:17:09.911Z",6.6292
"2019-10-14T05:20:28.635Z",6.7077
"2019-10-14T06:06:32.097Z",6.7314
"2019-10-14T06:11:05.210Z",6.7646
"2019-10-14T06:17:26.446Z",6.8181
"2019-10-14T06:19:21.169Z",6.8815
"2019-10-14T06:27:11.879Z",6.8651
"2019-10-14T06:32:28.293Z",6.8304
"2019-10-14T07:03:43.767Z",6.8586
"2019-10-14T07:30:35.486Z",6.8414
"2019-10-14T07:43:49.043Z",6.8148
"2019-10-14T08:02:49.403Z",6.7755
"2019-10-14T08:15:54.114Z",6.7968
"2019-10-14T09:38:51.533Z",6.8115
"2019-10-14T10:47:15.287Z",6.8259
"2019-10-14T12:04:24.103Z",6.8396
"2019-10-14T12:13:17.228Z",6.8204
"2019-10-14T12:18:04.390Z",6.7807
"2019-10-14T13:58:40.277Z",6.7989
"2019-10-14T15:40:13.365Z",6.8115
"2019-10-14T16:09:36.792Z",6.8341
"2019-10-14T16:35:55.229Z",6.8804
"2019-10-14T17:13:39.278Z",6.8247
"2019-10-14T22:33:03.722Z",6.8411
"2019-10-14T22:36:41.421Z",6.8723
"2019-10-14T23:29:43.375Z",6.9284
"2019-10-14T23:51:32.726Z",6.9663
"2019-10-15T04:27:07.679Z",6.9420
"2019-10-15T06:34:08.452Z",6.9204
"2019-10-15T06:56:39.796Z",6.9031
"2019-10-15T07:00:03.109Z",6.8695
"2019-10-15T07:46:27.193Z",6.8384
"2019-10-15T10:24:10.380Z",6.8539
"2019-10-15T10:47:13.453Z",6.8661
"2019-10-15T12:30:14.373Z",6.8755
"2019-10-15T12:47:21.537Z",6.8934
"2019-10-15T12:56:14.016Z",6.9189
"2019-10-15T13:33:56.099Z",6.8892
"2019-10-15T13:53:37.075Z",6.9069
"2019-10-15T14:34:59.239Z",6.8826
"2019-10-15T14:50:47.046Z",6.8300
"2019-10-15T15:55:28.309Z",6.8036
"2019-10-15T16:13:41.301Z",6.7515
"2019-10-15T17:03:39.124Z",6.6917
"2019-10-15T20:30:34.580Z",6.7353
"2019-10-15T21:23:07.117Z",6.6973
"2019-10-15T23:02:09.575Z",6.7192
"2019-10-15T23:57:33.973Z",6.7292
"2019-10-16T00:18:37.627Z",6.7501
"2019-10-16T00:26:47.061Z",6.7906
"2019-10-16T03:20:06.951Z",6.7650
"2019-10-16T06:21:25.814Z",6.7367
"2019-10-16T07:23:01.806Z",6.6999
"2019-10-16T08:03:53.728Z",6.6915
"2019-10-16T08:20:04.333Z",6.7056
"2019-10-16T08:45:22.414Z",6.7233
"2019-10-16T08:53:41.531Z",6.7532
"2019-10-16T10:52:22.622Z",6.7635
"2019-10-16T10:56:25.571Z",6.7865
"2019-10-16T11:33:40.619Z",6.7707
"2019-10-16T11:41:06.015Z",6.7449
"2019-10-16T12:03:08.466Z",6.7035
"2019-10-16T12:30:27.945Z",6.6653
"2019-10-16T12:33:09.138Z",6.6045
"2019-10-16T13:08:13.289Z",6.6261
"2019-10-16T14:11:51.027Z",6.5965
"2019-10-16T14:14:38.662Z",6.5510
"2019-10-16T15:10:18.697Z",6.5658
"2019-10-16T16:04:22.052Z",6.5742
"2019-10-16T16:14:19.258Z",6.5974
"2019-10-16T16:48:07.338Z",6.5671
"2019-10-16T16:54:23.765Z",6.5488
"2019-10-16T18:27:38.885Z",6.5224
"2019-10-16T19:57:53.781Z",6.5538
"2019-10-16T21:21:14.134Z",6.5751
"2019-10-16T21:53:11.956Z",6.5955
"2019-10-16T22:56:49.571Z",6.6073
"2019-10-17T02:56:07.195Z",6.5887
"2019-10-17T04:18:20.488Z",6.5535
"2019-10-17T06:03:01.776Z",6.5667
"2019-10-17T07:10:10.352Z",6.5752
"2019-10-17T07:56:34.376Z",6.5846
"2019-10-17T08:06:20.740Z",6.6037
"2019-10-17T08:10:20.248Z",6.6358
"2019-10-17T08:12:25.002Z",6.6844
"2019-10-17T08:14:29.974Z",6.7982
"2019-10-17T09:06:50.312Z",6.8667
"2019-10-17T09:27:37.047Z",6.8508
"2019-10-17T10:18:08.134Z",6.8779
"2019-10-17T11:40:08.621Z",6.9060
"2019-10-17T13:13:54.495Z",6.9080
"2019-10-17T14:35:43.854Z",6.9169
"2019-10-17T15:08:20.417Z",6.9719
"2019-10-17T17:50:09.281Z",6.9462
"2019-10-17T21:22:16.558Z",6.9779
"2019-10-18T02:15:24.238Z",6.9626
"2019-10-18T02:32:09.422Z",6.9421
"2019-10-18T03:14:49.401Z",6.9227
"2019-10-18T05:26:12.488Z",6.9142
"2019-10-18T05:30:17.690Z",6.8896
"2019-10-18T05:33:58.677Z",6.8422
"2019-10-18T06:04:38.801Z",6.7975
"2019-10-18T06:20:28.974Z",6.7414
"2019-10-18T08:02:50.589Z",6.7559
"2019-10-18T08:37:47.295Z",6.7411
"2019-10-18T09:15:37.151Z",6.7146
"2019-10-18T10:09:39.738Z",6.7491
"2019-10-18T10:36:43.550Z",6.7817
"2019-10-18T11:18:31.036Z",6.7966
"2019-10-18T14:13:00.424Z",6.7816
"2019-10-18T15:01:32.978Z",6.7720
"2019-10-18T15:39:08.780Z",6.7611
"2019-10-18T17:14:43.519Z",6.7539
"2019-10-18T18:28:19.503Z",6.7704
"2019-10-18T19:23:02.095Z",6.7543
"2019-10-18T21:58:56.422Z",6.7757
"2019-10-18T22:11:59.494Z",6.8035
"2019-10-18T23:23:14.530Z",6.8141
"2019-10-19T00:22:09.211Z",6.7983
"2019-10-19T01:12:21.571Z",6.7856
"2019-10-19T01:59:05.644Z",6.7751
"2019-10-19T02:16:51.733Z",6.7493
"2019-10-19T03:35:55.432Z",6.7642
"2019-10-19T03:46:38.629Z",6.7894
"2019-10-19T06:25:31.331Z",6.7750
"2019-10-19T07:56:12.340Z",6.7893
"2019-10-19T08:02:28.052Z",6.8134
"2019-10-19T08:04:10.435Z",6.8544
"2019-10-19T09:10:05.013Z",6.8903
"2019-10-19T10:07:04.046Z",6.8751
"2019-10-19T10:50:37.222Z",6.8574
"2019-10-19T12:16:16.638Z",6.8488
"2019-10-19T12:22:24.416Z",6.8233
"2019-10-19T13:10:08.827Z",6.8384
"2019-10-19T13:12:57.588Z",6.8479
"2019-10-19T13:21:00.586Z",6.8299
"2019-10-19T16:07:00.415Z",6.8146
"2019-10-19T16:13:50.794Z",6.7889
"2019-10-19T16:54:13.568Z",6.7635
"2019-10-19T17:01:55.631Z",6.7214
"2019-10-19T18:10:26.453Z",6.7369
"2019-10-19T19:08:41.445Z",6.7120
"2019-10-20T01:48:52.993Z",6.6843
"2019-10-20T02:56:41.252Z",6.6559
"2019-10-20T09:15:59.239Z",6.6715
"2019-10-20T09:20:08.424Z",6.6980
"2019-10-20T10:56:12.555Z",6.6819
"2019-10-20T13:10:09.215Z",6.6930
"2019-10-20T14:59:13.769Z",6.6982
"2019-10-20T15:36:10.585Z",6.7090
"2019-10-20T15:44:20.229Z",6.7232
"2019-10-20T15:52:05.731Z",6.7472
"2019-10-20T16:46:42.469Z",6.7691
"2019-10-20T17:22:14.739Z",6.7934
"2019-10-20T18:43:43.797Z",6.7812
"2019-10-20T21:26:03.215Z",6.7938
"2019-10-20T21:29:33.103Z",6.8222
"2019-10-20T21:36:30.434Z",6.8539
"2019-10-20T23:27:24.676Z",6.8399
"2019-10-20T23:48:10.671Z",6.8251
"2019-10-21T00:30:31.757Z",6.8142
"2019-10-21T00:55:46.423Z",6.7925
"2019-10-21T03:48:19.321Z",6.7863
"2019-10-21T04:10:22.964Z",6.7705
"2019-10-21T04:28:09.311Z",6.7485
"2019-10-21T05:57:25.791Z",6.7619
"2019-10-21T06:50:09.600Z",6.7685
"2019-10-21T07:04:11.769Z",6.7553
"2019-10-21T07:49:30.826Z",6.7437
"2019-10-21T08:28:48.755Z",6.7371
"2019-10-21T11:00:52.586Z",6.7592
"2019-10-21T12:49:15.986Z",6.7682
"2019-10-21T13:00:23.904Z",6.7909
"2019-10-21T14:13:16.921Z",6.8003
"2019-10-21T14:29:42.997Z",6.8261
"2019-10-21T15:23:44.652Z",6.8111
"2019-10-21T15:30:24.691Z",6.7857
"2019-10-21T15:50:33.572Z",6.7511
"2019-10-21T17:18:38.696Z",6.7778
"2019-10-21T18:26:44.792Z",6.7903
"2019-10-21T18:30:32.846Z",6.7606
"2019-10-21T18:37:13.435Z",6.7330
"2019-10-21T22:16:32.527Z",6.7559
"2019-10-22T01:06:18.978Z",6.7635
"2019-10-22T02:22:38.029Z",6.7745
"2019-10-22T02:24:13.486Z",6.8206
"2019-10-22T02:26:44.102Z",6.8593
"2019-10-22T02:30:09.956Z",6.8902
"2019-10-22T05:08:29.234Z",6.8623
"2019-10-22T07:03:24.193Z",6.8422
"2019-10-22T07:46:36.461Z",6.8568
"2019-10-22T09:09:07.518Z",6.8646
"2019-10-22T09:29:40.853Z",6.8503
"2019-10-22T10:22:02.234Z",6.8430
"2019-10-22T10:37:00.903Z",6.8216
"2019-10-22T10:45:50.654Z",6.7929
"2019-10-22T11:13:24.773Z",6.8081
"2019-10-22T11:50:52.522Z",6.8182
"2019-10-22T12:22:35.554Z",6.8316
"2019-10-22T12:58:10.206Z",6.8163
"2019-10-22T13:02:10.094Z",6.8616
"2019-10-22T15:00:45.486Z",6.8115
"2019-10-22T19:01:08.097Z",6.8660
"2019-10-22T22:15:14.958Z",6.8271
"2019-10-22T22:43:58.682Z",6.7639
"2019-10-23T00:11:36.006Z",6.7252
"2019-10-23T07:31:33.245Z",6.6892
"2019-10-23T08:03:32.157Z",6.6767
"2019-10-23T09:18:50.493Z",6.6913
"2019-10-23T10:00:12.511Z",6.6981
"2019-10-23T10:22:22.969Z",6.7118
"2019-10-23T10:53:32.472Z",6.7289
"2019-10-23T12:10:25.374Z",6.7079
"2019-10-23T12:39:17.915Z",6.6985
"2019-10-23T12:41:19.195Z",6.6756
"2019-10-23T12:49:08.830Z",6.6456
"2019-10-23T12:51:26.668Z",6.5074
"2019-10-23T12:55:26.045Z",6.4517
"2019-10-23T15:24:15.048Z",6.3039
"2019-10-23T16:01:39.781Z",6.1512
"2019-10-23T16:33:47.682Z",6.1838
"2019-10-23T18:02:37.925Z",6.2285
"2019-10-23T18:58:20.854Z",6.2510
"2019-10-23T21:16:46.733Z",6.2196
"2019-10-23T23:16:34.078Z",6.2506
"2019-10-23T23:34:11.478Z",6.2964
"2019-10-24T01:36:50.474Z",6.2744
"2019-10-24T02:15:57.237Z",6.2455
"2019-10-24T04:51:12.186Z",6.2724
"2019-10-24T05:48:38.235Z",6.2871
"2019-10-24T06:24:43.989Z",6.2672
"2019-10-24T09:16:33.571Z",6.2914
"2019-10-24T09:43:11.438Z",6.3294
"2019-10-24T09:45:42.721Z",6.3956
"2019-10-24T09:50:55.588Z",6.3713
"2019-10-24T10:56:47.880Z",6.3517
"2019-10-24T11:36:49.108Z",6.3302
"2019-10-24T13:06:25.639Z",6.3658
"2019-10-24T14:14:54.771Z",6.4035
"2019-10-24T14:54:55.040Z",6.4495
"2019-10-24T18:44:10.201Z",6.4844
"2019-10-24T19:57:20.916Z",6.5513
"2019-10-24T20:26:47.902Z",6.5945
"2019-10-24T20:51:12.502Z",6.5678
"2019-10-24T21:35:48.814Z",6.5448
"2019-10-24T21:55:59.327Z",6.5020
"2019-10-25T00:47:27.172Z",6.4802
"2019-10-25T05:13:49.193Z",6.4652
"2019-10-25T08:04:45.869Z",6.4949
"2019-10-25T08:37:17.322Z",6.5142
"2019-10-25T10:24:40.140Z",6.5247
"2019-10-25T11:06:05.008Z",6.6194
"2019-10-25T11:15:52.662Z",6.6553
"2019-10-25T11:20:46.485Z",6.7211
"2019-10-25T11:22:18.277Z",6.8171
"2019-10-25T11:27:28.571Z",6.7951
"2019-10-25T11:51:24.998Z",6.6937
"2019-10-25T12:19:01.490Z",6.7225
"2019-10-25T12:20:16.831Z",6.6779
"2019-10-25T13:03:24.571Z",6.6571
"2019-10-25T13:10:05.368Z",6.6758
"2019-10-25T13:23:20.692Z",6.6452
"2019-10-25T14:50:46.602Z",6.6301
"2019-10-25T14:56:55.135Z",6.5880
"2019-10-25T14:58:03.492Z",6.6519
"2019-10-25T15:48:10.672Z",6.6681
"2019-10-25T15:51:46.867Z",6.8053
"2019-10-25T17:06:42.493Z",6.9206
"2019-10-25T17:33:53.112Z",6.8259
"2019-10-25T18:22:48.441Z",6.9211
"2019-10-26T00:39:18.526Z",6.9989
"2019-10-26T01:25:08.660Z",7.1325
"2019-10-26T02:58:09.511Z",7.0021
"2019-10-26T04:41:10.238Z",7.0494
"2019-10-26T07:03:23.955Z",7.1186
"2019-10-26T07:10:02.069Z",7.2815
"2019-10-26T07:44:02.521Z",7.2085
"2019-10-26T10:10:02.519Z",7.2822
"2019-10-26T11:55:05.436Z",7.3457
"2019-10-26T14:07:59.498Z",7.2497
"2019-10-26T16:37:14.545Z",7.1750
"2019-10-26T17:30:49.427Z",7.1010
"2019-10-26T18:03:54.937Z",7.0523
"2019-10-26T22:22:45.509Z",6.8217
"2019-10-27T03:44:47.057Z",6.7333
"2019-10-27T04:35:53.698Z",6.8231
"2019-10-27T05:16:53.932Z",6.9172
"2019-10-27T07:06:07.538Z",6.8286
"2019-10-27T08:34:33.146Z",6.9181
"2019-10-27T11:01:13.132Z",6.8289
"2019-10-27T14:50:35.573Z",6.9167
"2019-10-27T18:24:11.080Z",6.9985
"2019-10-27T21:06:02.070Z",6.9118
"2019-10-28T00:40:52.565Z",6.9985
"2019-10-28T06:46:23.865Z",6.9136
"2019-10-28T08:12:47.960Z",6.9983
"2019-10-28T08:15:29.650Z",6.8905
"2019-10-29T12:00:09.216Z",6.9664
"2019-10-29T12:39:02.034Z",7.0566
"2019-10-29T14:17:03.851Z",6.9770
"2019-10-29T19:58:35.690Z",6.9046
"2019-10-29T20:37:41.917Z",6.9853
"2019-10-30T03:34:02.560Z",7.0577
"2019-10-30T05:33:08.081Z",6.9796
"2019-10-30T10:30:14.766Z",6.9137
"2019-10-30T11:14:11.189Z",6.8475
"2019-10-30T13:51:00.232Z",6.7809
"2019-10-31T00:08:12.091Z",6.8534
"2019-10-31T08:31:35.129Z",6.7828
"2019-10-31T10:03:24.369Z",6.7184
"2019-10-31T12:11:08.343Z",6.7893
"2019-10-31T18:04:58.891Z",6.8524
"2019-10-31T21:28:32.875Z",6.7814
"2019-11-01T13:37:41.287Z",6.7234
"2019-11-01T16:02:24.495Z",6.6663
"2019-11-02T16:18:39.284Z",6.7568
"2019-11-02T17:25:50.862Z",6.8038
"2019-11-03T05:16:33.413Z",6.7449
"2019-11-03T10:32:50.617Z",6.7063
"2019-11-03T14:10:09.853Z",6.7484
"2019-11-04T10:52:57.032Z",6.7791
"2019-11-04T15:17:30.289Z",6.7414
"2019-11-04T16:21:29.461Z",6.8038
"2019-11-04T21:19:54.521Z",6.8479
"2019-11-05T00:13:38.922Z",6.8824
"2019-11-05T07:01:41.592Z",6.8443
"2019-11-05T09:24:18.639Z",6.8870
"2019-11-05T12:43:57.469Z",6.9226
"2019-11-05T13:46:31.958Z",6.8851
"2019-11-05T14:30:22.125Z",6.9244
"2019-11-05T19:57:34.094Z",6.9600
"2019-11-06T00:55:12.705Z",6.9234
"2019-11-06T12:07:57.420Z",6.9596
"2019-11-06T21:25:22.939Z",6.9885
"2019-11-06T21:36:13.116Z",7.0864
"2019-11-06T22:07:46.692Z",7.1822
"2019-11-06T22:13:36.983Z",7.1453
"2019-11-07T00:16:40.416Z",7.1830
"2019-11-07T01:32:14.548Z",7.1456
"2019-11-07T01:33:59.848Z",7.0362
"2019-11-07T02:37:06.575Z",6.9516
"2019-11-07T05:06:36.523Z",6.9144
"2019-11-07T06:30:00.608Z",6.8800
"2019-11-07T09:39:46.990Z",6.8455
"2019-11-07T09:44:54.449Z",6.7460
"2019-11-07T10:05:39.665Z",6.6052
"2019-11-07T10:45:07.774Z",6.6585
"2019-11-07T12:14:08.443Z",6.6976
"2019-11-07T12:46:48.640Z",6.7584
"2019-11-07T13:09:45.917Z",6.7123
"2019-11-07T18:58:46.118Z",6.7784
"2019-11-08T04:08:15.967Z",6.7255
"2019-11-08T04:25:37.278Z",6.6271
"2019-11-08T07:31:47.215Z",6.5863
"2019-11-08T08:08:06.894Z",6.5304
"2019-11-08T13:32:16.133Z",6.4668
"2019-11-08T14:47:16.618Z",6.3968
"2019-11-08T19:17:08.784Z",6.4768
"2019-11-08T20:09:41.991Z",6.5201
"2019-11-09T00:09:46.496Z",6.4366
"2019-11-09T20:21:07.736Z",6.3935
"2019-11-09T22:48:24.876Z",6.4655
"2019-11-10T11:15:00.234Z",6.5097
"2019-11-10T14:36:33.912Z",6.4594
"2019-11-10T16:19:02.748Z",6.5101
"2019-11-10T21:03:47.980Z",6.5544
"2019-11-11T04:31:32.205Z",6.4883
"2019-11-11T06:24:37.253Z",6.4335
"2019-11-11T09:26:58.640Z",6.3853
"2019-11-11T10:08:26.834Z",6.3368
"2019-11-12T10:30:56.721Z",6.3959
"2019-11-12T13:53:53.798Z",6.3464
"2019-11-12T15:18:26.980Z",6.3005
"2019-11-12T19:01:30.478Z",6.3641
"2019-11-13T06:07:24.719Z",6.4059
"2019-11-13T18:01:57.482Z",6.3640
"2019-11-14T04:32:02.793Z",6.3343
"2019-11-14T08:04:12.086Z",6.2767
"2019-11-14T08:21:43.096Z",6.2079
"2019-11-14T13:50:35.624Z",6.2575
"2019-11-14T15:35:01.924Z",6.2884
"2019-11-14T19:03:36.874Z",6.2514
"2019-11-15T01:55:07.074Z",6.2214
"2019-11-15T04:03:02.331Z",6.1905
"2019-11-15T09:02:11.487Z",6.2389
"2019-11-15T10:33:37.439Z",6.2066
"2019-11-15T14:20:45.573Z",6.1743
"2019-11-15T14:28:25.131Z",6.1015
"2019-11-15T14:32:40.512Z",5.9788
"2019-11-15T16:35:04.476Z",6.0424
"2019-11-15T23:00:20.220Z",6.0773
"2019-11-16T00:26:56.253Z",6.0316
"2019-11-16T01:42:14.174Z",6.0726
"2019-11-16T09:28:24.271Z",6.1136
"2019-11-17T08:01:27.097Z",6.0740
"2019-11-17T11:18:34.947Z",6.1100
"2019-11-18T07:48:07.698Z",6.0465
"2019-11-18T08:36:48.071Z",6.0814
"2019-11-18T12:07:17.487Z",6.0449
"2019-11-18T17:26:29.090Z",5.9970
"2019-11-18T18:15:00.799Z",5.9619
"2019-11-18T18:29:37.445Z",5.8858
"2019-11-18T18:34:08.524Z",5.7461
"2019-11-18T18:46:16.011Z",5.7899
"2019-11-18T19:27:29.589Z",5.8560
"2019-11-19T07:50:45.759Z",5.7473
"2019-11-19T11:36:30.541Z",5.6972
"2019-11-19T15:08:13.564Z",5.7855
"2019-11-19T22:45:17.982Z",5.8957
"2019-11-20T01:16:12.131Z",5.9645
"2019-11-20T07:55:35.621Z",5.8571
"2019-11-20T08:45:08.062Z",5.8187
"2019-11-20T19:04:09.916Z",5.7767
"2019-11-21T06:26:12.562Z",5.7382
"2019-11-21T08:46:13.823Z",5.6972
"2019-11-21T14:14:15.959Z",5.6526
"2019-11-21T14:58:55.452Z",5.6111
"2019-11-21T15:55:43.789Z",5.5620
"2019-11-21T20:07:38.849Z",5.6337
"2019-11-22T00:59:03.874Z",5.6844
"2019-11-22T06:55:22.803Z",5.5672
"2019-11-22T10:11:17.568Z",5.5264
"2019-11-22T10:40:34.147Z",5.4418
"2019-11-22T13:41:25.638Z",5.4037
"2019-11-22T14:16:09.189Z",5.3393
"2019-11-22T14:16:55.378Z",5.4474
"2019-11-22T14:25:02.848Z",5.3948
"2019-11-22T14:45:30.535Z",5.4598
"2019-11-22T16:00:54.845Z",5.5000
"2019-11-22T17:11:29.950Z",5.4558
"2019-11-22T18:08:14.954Z",5.3856
"2019-11-22T19:30:49.124Z",5.4345
"2019-11-22T19:55:44.472Z",5.5099
"2019-11-22T22:13:29.465Z",5.4636
"2019-11-22T22:40:32.893Z",5.3772
"2019-11-23T14:57:25.024Z",5.4260
"2019-11-23T16:30:56.420Z",5.4699
"2019-11-23T18:02:42.946Z",5.4208
"2019-11-24T03:25:48.552Z",5.3735
"2019-11-24T15:07:13.637Z",5.3286
"2019-11-24T17:48:02.417Z",5.2806
"2019-11-24T23:21:18.416Z",5.2174
"2019-11-24T23:55:20.994Z",5.1372
"2019-11-25T01:36:12.762Z",5.0703
"2019-11-25T01:38:20.654Z",4.9304
"2019-11-25T06:01:02.033Z",5.0772
"2019-11-25T06:03:35.913Z",6.6946
"2019-11-25T06:07:05.888Z",6.6241
"2019-11-25T07:10:03.318Z",5.8071
"2019-11-25T07:24:07.917Z",5.8875
"2019-11-25T07:28:01.390Z",5.7599
"2019-11-25T07:45:12.151Z",5.5241
"2019-11-25T09:17:21.377Z",5.4429
"2019-11-25T09:53:11.976Z",5.5328
"2019-11-25T10:25:28.010Z",5.4455
"2019-11-25T10:29:36.723Z",4.9978
"2019-11-25T12:07:41.429Z",5.1050
"2019-11-25T13:09:37.560Z",5.2341
"2019-11-26T00:24:45.939Z",5.1203
"2019-11-26T05:01:06.514Z",5.2170
"2019-11-26T06:09:33.917Z",5.3088
"2019-11-26T08:34:31.681Z",5.2126
"2019-11-26T11:33:31.988Z",5.1152
"2019-11-27T10:05:42.950Z",5.0076
"2019-11-27T11:51:43.836Z",5.1044
"2019-11-27T16:49:23.403Z",5.1965
"2019-11-27T18:08:22.903Z",5.2951
"2019-11-29T11:50:00.033Z",5.3854
"2019-11-30T15:05:23.565Z",5.2883
"2019-11-30T15:54:14.533Z",5.1991
"2019-12-02T05:49:29.147Z",5.1560
"2019-12-02T08:12:08.555Z",5.1029
"2019-12-03T14:31:18.058Z",5.1384
"2019-12-04T00:36:23.782Z",5.0676
"2019-12-04T02:25:58.356Z",4.9975
"2019-12-04T05:29:23.015Z",4.9619
"2019-12-04T08:13:44.565Z",4.9225
"2019-12-04T08:22:44.964Z",4.8431
"2019-12-04T08:53:04.629Z",4.9079
"2019-12-04T10:43:14.945Z",4.9520
"2019-12-04T13:22:53.638Z",4.9803
"2019-12-04T13:24:18.891Z",5.0664
"2019-12-04T20:54:09.723Z",5.0296
"2019-12-04T21:23:45.192Z",4.9791
"2019-12-05T03:03:43.408Z",4.9441
"2019-12-05T04:40:55.657Z",4.9796
"2019-12-05T04:43:50.337Z",4.9350
"2019-12-05T09:02:52.507Z",4.9703
"2019-12-05T10:59:19.043Z",5.0004
"2019-12-05T15:24:01.497Z",4.9655
"2019-12-05T16:35:05.850Z",5.0019
"2019-12-05T19:06:12.680Z",5.0318
"2019-12-05T19:57:32.977Z",5.0671
"2019-12-05T20:11:12.150Z",5.1432
"2019-12-06T04:10:58.900Z",5.1028
"2019-12-06T10:16:08.958Z",5.1350
"2019-12-06T11:52:17.315Z",5.1029
"2019-12-06T13:43:14.125Z",5.1350
"2019-12-06T17:37:06.039Z",5.1643
"2019-12-06T17:54:53.379Z",5.2266
"2019-12-06T18:07:40.387Z",5.1943
"2019-12-07T02:37:13.027Z",5.2371
"2019-12-07T10:18:36.603Z",5.2051
"2019-12-07T16:29:05.070Z",5.2374
"2019-12-08T13:06:11.309Z",5.2634
"2019-12-08T14:42:12.185Z",5.2951
"2019-12-08T15:08:56.486Z",5.3430
"2019-12-08T20:45:11.070Z",5.3110
"2019-12-08T21:27:24.607Z",5.3430
"2019-12-09T02:04:18.081Z",5.3004
"2019-12-09T08:44:05.796Z",5.2740
"2019-12-09T10:21:39.360Z",5.2483
"2019-12-09T11:39:08.303Z",5.2795
"2019-12-09T13:24:05.925Z",5.3057
"2019-12-09T14:00:24.588Z",5.2744
"2019-12-09T15:54:55.680Z",5.2455
"2019-12-09T18:57:04.014Z",5.2188
"2019-12-09T19:57:05.620Z",5.1919
"2019-12-09T20:31:23.413Z",5.1528
"2019-12-10T12:54:20.966Z",5.1850
"2019-12-10T14:56:27.925Z",5.1529
"2019-12-10T16:18:29.283Z",5.1259
"2019-12-11T14:48:18.726Z",5.1539
"2019-12-11T19:42:26.490Z",5.1280
"2019-12-11T20:21:15.716Z",5.0927
"2019-12-12T00:37:17.075Z",5.0722
"2019-12-12T01:56:00.109Z",5.0468
"2019-12-12T07:37:16.821Z",5.0726
"2019-12-12T09:26:03.604Z",5.0471
"2019-12-12T09:55:35.474Z",5.0727
"2019-12-12T11:38:23.972Z",5.0977
"2019-12-12T14:47:00.025Z",5.0746
"2019-12-12T22:16:14.691Z",5.0564
"2019-12-13T01:21:13.139Z",5.0381
"2019-12-13T03:58:04.035Z",5.0194
"2019-12-13T07:55:23.720Z",5.0519
"2019-12-13T08:13:08.186Z",5.0237
"2019-12-13T16:03:18.274Z",5.0469
"2019-12-13T23:03:47.814Z",5.0647
"2019-12-14T09:00:37.613Z",5.0420
"2019-12-14T13:59:47.791Z",5.0243
"2019-12-14T16:02:18.113Z",5.0019
"2019-12-14T17:04:14.288Z",4.9820
"2019-12-15T00:43:50.063Z",4.9640
"2019-12-15T07:44:56.783Z",4.9969
"2019-12-15T18:19:46.138Z",5.0136
"2019-12-15T18:35:20.021Z",4.9920
"2019-12-16T03:40:07.752Z",4.9569
"2019-12-16T04:02:53.384Z",4.9225
"2019-12-16T08:08:27.596Z",4.9064
"2019-12-16T10:41:38.697Z",4.8910
"2019-12-16T14:10:09.796Z",4.9128
"2019-12-16T14:56:18.189Z",4.9279
"2019-12-16T18:28:50.736Z",4.9079
"2019-12-16T18:30:37.370Z",4.8627
"2019-12-16T18:32:11.067Z",4.9280
"2019-12-16T18:35:25.934Z",4.7771
"2019-12-16T18:37:22.567Z",4.7176
"2019-12-16T21:25:19.662Z",4.7484
"2019-12-17T03:38:56.875Z",4.6177
"2019-12-17T08:10:07.746Z",4.5088
"2019-12-17T14:14:29.495Z",4.4757
"2019-12-17T16:56:34.872Z",4.5216
"2019-12-17T19:57:15.000Z",4.4467
"2019-12-17T22:57:40.000Z",4.3628
"2019-12-18T03:33:38.466Z",4.3097
"2019-12-18T05:27:38.316Z",4.2647
"2019-12-18T07:03:23.648Z",4.2223
"2019-12-18T08:22:43.140Z",4.2669
"2019-12-18T09:15:44.744Z",4.2202
"2019-12-18T12:14:26.405Z",4.1799
"2019-12-18T13:04:18.403Z",4.1395
"2019-12-18T14:01:40.649Z",4.1843
"2019-12-18T15:01:47.026Z",4.2370
"2019-12-18T15:17:37.472Z",4.3326
"2019-12-18T16:51:57.527Z",4.3757
"2019-12-18T19:25:02.428Z",4.4194
"2019-12-18T20:23:14.238Z",4.4630
"2019-12-18T20:34:26.803Z",4.5735
"2019-12-18T20:43:24.219Z",4.5251
"2019-12-19T00:27:50.245Z",4.4762
"2019-12-19T01:02:16.265Z",4.4021
"2019-12-19T05:31:14.999Z",4.3336
"2019-12-20T00:39:52.317Z",4.2877
"2019-12-20T07:23:28.420Z",4.2328
"2019-12-20T11:37:29.817Z",4.2839
"2019-12-20T12:03:27.995Z",4.3688
"2019-12-20T12:45:07.178Z",4.4555
"2019-12-20T18:02:34.805Z",4.5039
"2019-12-20T23:12:12.923Z",4.5523
"2019-12-21T01:46:07.586Z",4.4990
"2019-12-21T09:19:26.967Z",4.4510
"2019-12-21T19:22:23.247Z",4.5045
"2019-12-22T00:15:15.285Z",4.4511
"2019-12-22T18:58:47.926Z",4.5041
"2019-12-22T20:24:07.825Z",4.5529
"2019-12-23T06:42:15.942Z",4.5000
"2019-12-23T14:14:44.664Z",4.5500
"2019-12-23T17:25:16.028Z",4.4998
"2019-12-23T18:43:51.042Z",4.5505
"2019-12-23T18:53:06.468Z",4.5011
"2019-12-23T18:54:28.459Z",4.6106
"2019-12-23T18:58:04.443Z",4.5128
"2019-12-23T20:30:23.083Z",4.5613
"2019-12-23T21:15:18.540Z",4.5127
"2019-12-23T22:07:27.546Z",4.4182
"2019-12-24T14:29:02.415Z",4.4630
"2019-12-24T16:13:55.955Z",4.4145
"2019-12-25T13:04:36.710Z",4.3824
"2019-12-25T18:49:13.895Z",4.3506
"2019-12-25T21:16:17.024Z",4.3879
"2019-12-25T21:50:13.013Z",4.4303
"2019-12-26T03:52:21.413Z",4.3837
"2019-12-26T10:59:15.995Z",4.3522
"2019-12-26T16:41:04.194Z",4.3880
"2019-12-26T18:06:13.122Z",4.4276
"2019-12-26T19:32:22.883Z",4.4575
"2019-12-26T19:55:25.547Z",4.4234
"2019-12-26T22:03:10.030Z",4.3836
"2019-12-27T07:53:31.267Z",4.3427
"2019-12-27T12:24:55.000Z",4.2906
"2019-12-27T12:59:39.444Z",4.3189
"2019-12-27T18:03:38.509Z",4.3572
"2019-12-28T06:07:42.134Z",4.3880
"2019-12-28T06:32:28.322Z",4.4364
"2019-12-28T08:19:38.902Z",4.4056
"2019-12-28T12:08:31.176Z",4.4352
"2019-12-28T15:16:03.763Z",4.4056
"2019-12-28T17:50:38.122Z",4.4364
"2019-12-29T01:58:18.796Z",4.4056
"2019-12-29T11:17:45.772Z",4.4355
"2019-12-29T16:15:28.485Z",4.4652
"2019-12-29T19:52:28.854Z",4.4945
"2019-12-29T23:31:33.800Z",4.5200
"2019-12-30T00:50:31.110Z",4.4901
"2019-12-30T10:38:21.809Z",4.4631
"2019-12-30T12:32:22.012Z",4.4365
"2019-12-30T15:09:12.075Z",4.4160
"2019-12-30T16:33:21.148Z",4.3968
"2019-12-30T17:09:57.269Z",4.4191
"2019-12-31T08:30:15.199Z",4.4364
"2019-12-31T08:31:45.676Z",4.5103
"2019-12-31T14:49:10.140Z",4.5237
"2019-12-31T15:04:47.124Z",4.6896
"2019-12-31T15:11:59.396Z",4.6221
"2019-12-31T16:02:09.823Z",4.5945
"2019-12-31T16:07:57.173Z",4.5339
"2019-12-31T19:32:04.524Z",4.5099
"2020-01-01T00:41:21.124Z",4.5362
"2020-01-01T06:09:45.851Z",4.5098
"2020-01-01T06:13:07.271Z",4.5646
"2020-01-01T06:24:19.236Z",4.5223
"2020-01-01T07:45:07.193Z",4.4998
"2020-01-01T23:33:03.000Z",4.4592
"2020-01-02T03:43:39.272Z",4.4276
"2020-01-02T13:20:24.384Z",4.4546
"2020-01-02T18:00:29.003Z",4.4282
"2020-01-02T18:15:38.437Z",4.4833
"2020-01-02T18:17:36.385Z",4.4380
"2020-01-02T19:19:30.840Z",4.3814
"2020-01-02T21:07:34.480Z",4.3569
"2020-01-02T21:37:01.838Z",4.3161
"2020-01-03T00:40:18.575Z",4.2714
"2020-01-03T04:43:56.634Z",4.3009
"2020-01-03T05:54:19.971Z",4.3442
"2020-01-03T09:06:10.414Z",4.3698
"2020-01-03T09:51:34.821Z",4.4012
"2020-01-03T11:45:53.479Z",4.4408
"2020-01-03T14:08:22.833Z",4.4102
"2020-01-04T10:55:20.445Z",4.3844
"2020-01-04T16:04:24.362Z",4.4146
"2020-01-05T15:33:56.253Z",4.4452
"2020-01-05T16:30:26.303Z",4.4720
"2020-01-06T07:54:07.544Z",4.4968
"2020-01-06T08:54:29.732Z",4.5239
"2020-01-06T09:05:10.914Z",4.5886
"2020-01-06T09:26:01.073Z",4.6825
"2020-01-06T10:27:24.214Z",4.7622
"2020-01-06T11:57:26.150Z",4.7945
"2020-01-06T12:37:01.718Z",4.8347
"2020-01-07T08:07:04.799Z",4.9521
"2020-01-07T12:08:45.748Z",4.8966
"2020-01-07T12:24:39.083Z",4.7823
"2020-01-07T17:42:22.416Z",4.9205
"2020-01-07T22:12:59.898Z",4.8883
"2020-01-08T00:57:35.918Z",4.9363
"2020-01-08T02:14:29.561Z",4.8855
"2020-01-08T03:27:15.103Z",4.8540
"2020-01-08T04:22:16.915Z",4.8898
"2020-01-08T07:50:42.102Z",4.8638
"2020-01-08T12:27:29.349Z",4.8882
"2020-01-08T12:31:26.173Z",4.9324
"2020-01-08T13:16:56.130Z",4.8909
"2020-01-08T16:31:02.286Z",4.8651
"2020-01-08T16:42:30.884Z",4.8120
"2020-01-08T18:01:50.845Z",4.7202
"2020-01-09T12:31:00.910Z",4.6329
"2020-01-10T03:18:32.616Z",4.5946
"2020-01-10T10:27:04.838Z",4.6336
"2020-01-10T12:03:23.159Z",4.6684
"2020-01-10T13:26:11.960Z",4.7155
"2020-01-11T01:18:41.056Z",4.8347
"2020-01-11T11:04:21.174Z",4.7838
"2020-01-11T15:24:30.682Z",4.8059
"2020-01-11T16:15:42.561Z",4.8155
"2020-01-11T16:23:21.874Z",4.8400
"2020-01-11T16:29:52.496Z",4.8952
"2020-01-12T16:58:34.140Z",4.8616
"2020-01-12T18:00:47.732Z",4.8836
"2020-01-13T02:54:28.304Z",4.8687
"2020-01-13T02:59:55.699Z",4.8521
"2020-01-13T14:26:42.149Z",4.8341
"2020-01-13T15:22:14.612Z",4.8132
"2020-01-13T21:52:23.882Z",4.8538
"2020-01-13T22:16:51.375Z",4.8148
"2020-01-14T00:17:46.147Z",4.8486
"2020-01-14T01:07:10.184Z",4.8857
"2020-01-14T01:45:37.064Z",4.9308
"2020-01-14T09:29:15.512Z",5.0419
"2020-01-14T16:04:57.497Z",4.8755
"2020-01-14T16:17:44.304Z",5.0469
"2020-01-14T16:56:16.565Z",5.2514
"2020-01-14T17:48:08.440Z",5.4931
"2020-01-15T04:06:08.199Z",5.2602
"2020-01-15T09:59:01.411Z",5.3107
"2020-01-15T10:39:03.356Z",5.3711
"2020-01-15T14:01:57.113Z",5.4591
"2020-01-15T14:09:46.513Z",5.3639
"2020-01-15T15:42:33.677Z",5.2903
"2020-01-15T17:06:47.960Z",5.2281
"2020-01-15T18:02:15.888Z",5.2899
"2020-01-15T22:09:58.746Z",5.3185
"2020-01-15T22:15:09.391Z",5.2845
"2020-01-15T22:24:19.076Z",5.3354
"2020-01-15T23:06:09.804Z",5.3035
"2020-01-15T23:19:56.669Z",5.2412
"2020-01-16T00:04:46.755Z",5.2787
"2020-01-16T00:22:09.554Z",5.2394
"2020-01-16T01:19:40.527Z",5.1747
"2020-01-16T16:11:54.652Z",5.1361
"2020-01-16T17:41:44.011Z",5.1764
"2020-01-16T21:03:36.855Z",5.2048
"2020-01-16T23:24:29.034Z",5.2490
"2020-01-16T23:43:14.436Z",5.1960
"2020-01-17T03:12:09.471Z",5.2483
"2020-01-17T05:55:15.683Z",5.3469
"2020-01-17T14:32:48.882Z",5.2334
"2020-01-17T15:50:07.734Z",5.3158
"2020-01-17T17:59:09.109Z",5.3986
"2020-01-17T23:03:28.559Z",5.5162
"2020-01-18T04:27:25.500Z",5.4188
"2020-01-18T05:25:08.814Z",5.3434
"2020-01-18T07:57:14.860Z",5.3961
"2020-01-18T13:22:26.784Z",5.4084
"2020-01-18T14:15:53.046Z",5.4340
"2020-01-18T14:42:50.897Z",5.4795
"2020-01-18T15:08:35.018Z",5.5800
"2020-01-18T16:31:31.750Z",5.4579
"2020-01-18T20:31:12.902Z",5.5546
"2020-01-19T00:14:24.776Z",5.4313
"2020-01-19T00:37:01.265Z",5.5500
"2020-01-19T11:02:18.048Z",5.4468
"2020-01-19T12:01:07.610Z",5.3064
"2020-01-20T11:57:09.855Z",5.2745
"2020-01-20T12:27:33.042Z",5.2272
"2020-01-20T13:13:36.945Z",5.1611
"2020-01-20T14:41:26.666Z",5.2400
"2020-01-20T18:49:37.136Z",5.3052
"2020-01-20T23:00:22.103Z",5.3431
"2020-01-21T00:13:37.592Z",5.3025
"2020-01-21T02:55:15.322Z",5.3358
"2020-01-21T03:04:04.981Z",5.4246
"2020-01-21T07:31:24.489Z",5.3328
"2020-01-21T12:17:53.603Z",5.3648
"2020-01-21T13:38:30.797Z",5.3988
"2020-01-21T16:30:58.354Z",5.3487
"2020-01-21T19:40:32.921Z",5.3063
"2020-01-21T20:43:08.680Z",5.3476
"2020-01-22T06:54:08.402Z",5.3712
"2020-01-22T08:37:23.276Z",5.3432
"2020-01-22T09:22:35.308Z",5.3148
"2020-01-22T16:48:24.801Z",5.3412
"2020-01-22T20:43:19.955Z",5.3535
"2020-01-22T21:23:56.261Z",5.3378
"2020-01-23T01:41:45.306Z",5.3222
"2020-01-23T01:57:47.402Z",5.2825
"2020-01-23T09:03:43.660Z",5.1856
"2020-01-23T18:07:33.625Z",5.0711
"2020-01-24T01:59:59.642Z",5.0147
"2020-01-24T09:39:00.818Z",4.9360
"2020-01-24T12:02:17.662Z",5.0658
"2020-01-24T19:54:49.925Z",5.1227
"2020-01-25T00:28:21.519Z",5.0779
"2020-01-25T01:00:23.947Z",5.0200
"2020-01-25T05:12:52.958Z",4.9678
"2020-01-25T07:06:06.563Z",5.0333
"2020-01-25T08:52:45.049Z",5.0816
"2020-01-25T10:25:01.711Z",5.0575
"2020-01-25T10:51:27.985Z",5.0274
"2020-01-25T21:11:30.206Z",5.0400
"2020-01-25T22:18:46.651Z",5.0514
"2020-01-26T00:00:40.638Z",5.0296
"2020-01-26T03:50:55.494Z",5.0494
"2020-01-26T08:27:23.794Z",5.0615
"2020-01-26T08:53:48.541Z",5.0949
"2020-01-26T13:18:00.112Z",5.1482
"2020-01-26T23:12:05.329Z",5.2642
"2020-01-27T08:47:47.970Z",5.2116
"2020-01-27T11:05:50.841Z",5.2329
"2020-01-27T11:51:20.962Z",5.2509
"2020-01-27T13:07:07.899Z",5.2835
"2020-01-27T19:37:46.943Z",5.3554
"2020-01-28T12:55:08.662Z",5.3191
"2020-01-28T13:07:54.856Z",5.3580
"2020-01-28T13:18:44.175Z",5.4390
"2020-01-28T17:33:00.649Z",5.3458
"2020-01-28T19:34:00.801Z",5.3761
"2020-01-28T20:14:39.102Z",5.4146
"2020-01-28T23:55:53.678Z",5.4787
"2020-01-29T15:10:56.691Z",5.4567
"2020-01-29T15:36:27.464Z",5.4393
"2020-01-29T19:42:30.363Z",5.4785
"2020-01-30T00:00:51.450Z",5.4567
"2020-01-30T00:11:33.256Z",5.4134
"2020-01-30T12:12:14.958Z",5.3976
"2020-01-30T12:15:28.285Z",5.4178
"2020-01-30T12:43:34.849Z",5.4409
"2020-01-30T13:44:41.141Z",5.4776
"2020-01-30T18:59:51.792Z",5.5189
"2020-01-30T20:33:35.841Z",5.5873
"2020-01-31T05:49:31.654Z",5.5193
"2020-01-31T10:19:25.738Z",5.5031
"2020-01-31T10:50:27.331Z",5.4800
"2020-01-31T11:54:01.034Z",5.4609
"2020-01-31T12:00:52.475Z",5.4928
"2020-01-31T12:31:03.207Z",5.4588
"2020-01-31T13:09:44.274Z",5.3864
"2020-01-31T20:13:30.131Z",5.4642
"2020-02-01T01:13:49.712Z",5.4837
"2020-02-01T01:59:49.067Z",5.5051
"2020-02-01T09:10:49.687Z",5.4732
"2020-02-01T11:46:51.655Z",5.4568
"2020-02-01T18:13:55.255Z",5.4776
"2020-02-01T19:01:06.782Z",5.4870
"2020-02-02T02:15:55.499Z",5.4678
"2020-02-02T04:08:57.964Z",5.4450
"2020-02-02T06:35:10.070Z",5.4776
"2020-02-02T06:53:03.606Z",5.5431
"2020-02-02T09:44:46.404Z",5.5997
"2020-02-02T10:31:34.471Z",5.6878
"2020-02-02T12:11:02.731Z",5.8613
"2020-02-03T07:22:40.525Z",5.8151
"2020-02-03T09:56:54.729Z",5.7861
"2020-02-03T10:16:43.016Z",5.7364
"2020-02-03T16:16:03.903Z",5.7945
"2020-02-03T16:36:53.277Z",5.7364
"2020-02-03T21:05:24.466Z",5.8150
"2020-02-04T08:53:38.292Z",5.7826
"2020-02-04T09:24:24.835Z",5.7364
"2020-02-04T12:06:30.796Z",5.7837
"2020-02-04T14:50:48.231Z",5.8180
"2020-02-04T14:57:41.179Z",5.9199
"2020-02-04T16:24:45.672Z",6.1099
"2020-02-05T05:51:25.999Z",6.3937
"2020-02-05T12:55:27.979Z",6.1979
"2020-02-05T15:08:46.857Z",6.3066
"2020-02-05T22:12:27.596Z",6.3938
"2020-02-05T22:48:49.988Z",6.3067
"2020-02-06T03:52:10.692Z",6.3296
"2020-02-06T04:03:02.771Z",6.3903
"2020-02-06T04:42:20.318Z",6.5684
"2020-02-06T04:46:43.905Z",6.4929
"2020-02-06T13:47:31.752Z",6.3802
"2020-02-06T15:34:43.205Z",6.4683
"2020-02-06T17:34:04.407Z",6.5506
"2020-02-06T19:03:42.905Z",6.4469
"2020-02-07T01:07:36.375Z",6.4981
"2020-02-07T03:18:16.044Z",6.5393
"2020-02-07T03:18:22.460Z",6.4572
"2020-02-07T04:23:13.538Z",6.4095
"2020-02-07T09:19:55.411Z",6.4520
"2020-02-07T10:16:23.313Z",6.4942
"2020-02-07T12:08:15.149Z",6.4474
"2020-02-07T13:09:35.258Z",6.4060
"2020-02-07T15:25:55.155Z",6.4437
"2020-02-07T21:55:09.603Z",6.4270
"2020-02-08T01:02:33.679Z",6.3974
"2020-02-08T01:15:36.015Z",6.3268
"2020-02-08T02:36:09.817Z",6.2591
"2020-02-08T03:12:25.469Z",6.1336
"2020-02-08T04:52:26.425Z",6.2977
"2020-02-08T08:49:59.917Z",6.3742
"2020-02-08T10:21:26.666Z",6.4345
"2020-02-08T17:15:21.155Z",6.3903
"2020-02-08T18:04:41.046Z",6.3689
"2020-02-08T20:35:07.377Z",6.3964
"2020-02-08T20:53:44.910Z",6.3660
"2020-02-08T21:12:44.232Z",6.3966
"2020-02-09T03:13:30.161Z",6.4531
"2020-02-09T06:06:41.583Z",6.5142
"2020-02-09T07:32:21.867Z",6.6187
"2020-02-09T09:24:40.196Z",6.4853
"2020-02-09T15:20:11.341Z",6.4481
"2020-02-09T15:48:25.393Z",6.4812
"2020-02-09T17:21:26.148Z",6.5182
"2020-02-09T18:06:50.858Z",6.4822
"2020-02-09T19:01:52.526Z",6.4464
"2020-02-09T20:58:33.747Z",6.4859
"2020-02-10T02:10:10.699Z",6.4661
"2020-02-10T03:33:19.360Z",6.4452
"2020-02-10T05:55:22.096Z",6.3965
"2020-02-10T09:11:39.851Z",6.2880
"2020-02-11T10:37:16.099Z",6.3449
"2020-02-11T16:28:51.748Z",6.4162
"2020-02-11T17:18:57.071Z",6.5310
"2020-02-12T10:56:07.850Z",6.7098
"2020-02-12T18:40:45.143Z",6.9413
"2020-02-13T02:12:13.096Z",7.2527
"2020-02-13T09:25:50.026Z",6.8523
"2020-02-13T10:21:52.029Z",7.1599
"2020-02-13T12:13:44.291Z",7.2580
"2020-02-13T12:49:41.964Z",7.4448
"2020-02-13T13:40:06.726Z",7.7407
"2020-02-13T14:03:53.575Z",7.4237
"2020-02-14T00:05:21.865Z",7.5700
"2020-02-14T04:23:57.861Z",7.4611
"2020-02-14T05:28:14.793Z",7.4018
"2020-02-14T05:56:18.817Z",7.3247
"2020-02-14T06:01:09.578Z",7.1595
"2020-02-14T06:04:37.555Z",7.2128
"2020-02-14T06:24:51.936Z",7.3640
"2020-02-14T07:28:37.272Z",7.2846
"2020-02-14T08:12:10.689Z",7.3818
"2020-02-14T09:29:55.404Z",7.4819
"2020-02-14T12:11:56.853Z",7.5443
"2020-02-14T16:20:17.926Z",7.6162
"2020-02-14T18:05:28.570Z",7.7378
"2020-02-15T08:33:41.855Z",7.6423
"2020-02-15T09:19:03.785Z",7.7099
"2020-02-15T15:08:40.950Z",7.6806
"2020-02-15T15:45:25.411Z",7.6382
"2020-02-15T15:48:09.678Z",7.5376
"2020-02-15T15:50:19.804Z",7.5736
"2020-02-15T15:52:59.540Z",7.4593
"2020-02-15T17:38:43.605Z",7.2330
"2020-02-16T12:08:57.255Z",7.0719
"2020-02-16T15:16:02.553Z",6.8645
"2020-02-16T16:50:58.082Z",6.5762
"2020-02-16T16:55:55.454Z",6.8774
"2020-02-16T17:15:19.172Z",6.5211
"2020-02-17T11:19:18.798Z",6.2913
"2020-02-17T16:02:07.000Z",6.5155
"2020-02-17T19:42:26.000Z",6.5743
"2020-02-18T01:35:37.000Z",6.6469
"2020-02-18T13:01:41.017Z",6.5781
"2020-02-18T15:04:20.000Z",6.6396
"2020-02-18T17:35:17.000Z",6.7948
"2020-02-19T08:44:00.000Z",6.8488
"2020-02-19T10:37:07.374Z",7.0221
"2020-02-19T10:41:52.220Z",6.9222
"2020-02-19T16:27:48.958Z",6.8824
"2020-02-19T17:06:36.759Z",6.9246
"2020-02-19T17:22:01.530Z",7.0092
"2020-02-19T18:20:55.535Z",6.9244
"2020-02-19T18:53:22.268Z",7.0125
"2020-02-19T20:02:48.180Z",6.8947
"2020-02-19T20:47:03.055Z",6.7799
"2020-02-19T21:23:00.880Z",6.6211
"2020-02-19T21:49:32.406Z",6.3387
"2020-02-19T21:53:43.100Z",6.4832
"2020-02-20T16:39:09.719Z",6.2426
"2020-02-21T01:31:08.801Z",6.3116
"2020-02-21T02:04:44.025Z",6.3827
"2020-02-21T04:04:26.631Z",6.4467
"2020-02-21T07:03:23.465Z",6.3835
"2020-02-21T08:38:37.721Z",6.3329
"2020-02-21T10:35:05.041Z",6.3677
"2020-02-21T10:57:17.155Z",6.4321
"2020-02-21T11:11:16.003Z",6.3903
"2020-02-21T12:42:59.204Z",6.4467
"2020-02-21T20:01:40.820Z",6.3839
"2020-02-22T01:12:12.964Z",6.4009
"2020-02-22T06:08:58.963Z",6.3584
"2020-02-22T08:48:33.882Z",6.3286
"2020-02-22T12:02:21.515Z",6.3794
"2020-02-22T16:57:32.714Z",6.4023
"2020-02-22T17:44:41.136Z",6.4298
"2020-02-23T06:13:31.605Z",6.4603
"2020-02-23T09:38:35.274Z",6.5233
"2020-02-23T12:27:24.327Z",6.4515
"2020-02-23T18:28:16.198Z",6.4780
"2020-02-23T22:52:10.200Z",6.5207
"2020-02-24T02:37:01.977Z",6.4583
"2020-02-24T03:20:33.340Z",6.3559
"2020-02-24T17:13:03.995Z",6.2926
"2020-02-24T18:04:46.108Z",6.2099
"2020-02-25T14:35:45.114Z",6.1428
"2020-02-25T15:16:54.967Z",6.0537
"2020-02-26T01:12:02.683Z",5.8774
"2020-02-26T02:00:35.660Z",5.6836
"2020-02-26T14:45:07.514Z",5.4658
"2020-02-27T00:18:46.586Z",5.3222
"2020-02-27T05:56:13.250Z",5.4720
"2020-02-27T08:30:41.360Z",5.5396
"2020-02-27T12:19:44.809Z",5.6022
"2020-02-27T12:53:14.223Z",5.5320
"2020-02-27T16:20:29.640Z",5.6440
"2020-02-27T21:39:18.701Z",5.5024
"2020-02-28T00:32:11.924Z",5.5602
"2020-02-28T01:56:13.612Z",5.5999
"2020-02-28T02:19:20.769Z",5.5557
"2020-02-28T05:14:39.125Z",5.5132
"2020-02-28T06:36:05.515Z",5.4700
"2020-02-28T09:46:24.170Z",5.3674
"2020-02-28T15:57:00.371Z",5.4831
"2020-02-28T16:41:44.133Z",5.4027
"2020-02-28T19:37:27.112Z",5.3178
"2020-02-28T20:32:16.522Z",5.3940
"2020-02-28T20:32:16.529Z",5.3886
"2020-02-28T20:32:16.535Z",5.3832
"2020-02-28T20:32:16.540Z",5.3778
"2020-02-28T20:32:16.545Z",5.3724
"2020-02-28T20:32:16.550Z",5.3670
"2020-02-28T20:32:16.555Z",5.3616
"2020-02-28T20:32:16.560Z",5.3562
"2020-02-28T20:32:16.565Z",5.3508
"2020-02-28T20:32:16.570Z",5.3455
"2020-02-28T20:32:16.575Z",5.3431
